id,created_at,product_id,product_name,product_sku,category,supplier_id,supplier_name,warehouse_location,shelf_location,quantity_on_hand,quantity_reserved,quantity_available,ventas_diarias,minimum_stock_level,reorder_point,optimal_stock_level,reorder_quantity,average_daily_usage,unit_cost,total_value,stock_status,last_order_date,last_stock_count_date,batch_number,last_updated_at,notes,is_active,created_by_id
aeabb4e7-f79d-404d-928e-f19ee6d7ab47,10/20/2025 00:00,PROD-001,Laptop Dell Inspiron 15,LAP-DELL-001,2,PROV-001,TechDistributor SA,Warehouse C,A2,10,0,10,0,19,34,74,64,,650.0,6500.0,3,10/02/2025,10/13/2025,BATCH-202510-9935,10/20/2025 00:05,,True,d4eb7f1a-bd82-4e47-a8c8-d25decce49bf
a80ee43c-b991-4fcd-85b4-1470e1e47d26,10/21/2025 00:00,PROD-001,Laptop Dell Inspiron 15,LAP-DELL-001,2,PROV-001,TechDistributor SA,Warehouse C,A2,10,3,7,0,17,34,73,63,0.0,650.0,6500.0,3,10/02/2025,10/14/2025,BATCH-202510-9935,10/21/2025 01:16,,True,320aa693-fc3c-4ff1-a5cb-8ac46498035e
840063ca-502f-4dbc-9fe7-987555ca01d8,10/22/2025 00:00,PROD-001,Laptop Dell Inspiron 15,LAP-DELL-001,2,PROV-001,TechDistributor SA,Warehouse C,A2,10,2,8,0,13,26,47,37,0.0,650.0,6500.0,3,10/02/2025,10/15/2025,BATCH-202510-9935,10/22/2025 00:30,,True,5cb9a522-2424-4db0-bed8-9bbb6b3610eb
a3362661-26a2-4b55-a7be-f9324e01940b,10/23/2025 00:00,PROD-001,Laptop Dell Inspiron 15,LAP-DELL-001,2,PROV-001,TechDistributor SA,Warehouse C,A2,10,3,7,0,25,32,64,54,0.0,650.0,6500.0,3,10/02/2025,10/16/2025,BATCH-202510-9935,10/23/2025 01:32,,True,765ba688-863c-4eaf-bce6-ce64767261d2
0eaa3366-7ff2-41d1-bfb2-ec765babddf5,10/24/2025 00:00,PROD-001,Laptop Dell Inspiron 15,LAP-DELL-001,2,PROV-001,TechDistributor SA,Warehouse C,A2,10,2,8,0,27,38,68,58,0.0,650.0,6500.0,3,10/02/2025,10/17/2025,BATCH-202510-9935,10/24/2025 00:58,,True,320aa693-fc3c-4ff1-a5cb-8ac46498035e
4d3cf116-700f-42e2-9e73-20b471c762a6,10/25/2025 00:00,PROD-001,Laptop Dell Inspiron 15,LAP-DELL-001,2,PROV-001,TechDistributor SA,Warehouse C,A2,10,1,9,0,22,37,65,55,0.0,650.0,6500.0,3,10/02/2025,10/18/2025,BATCH-202510-9935,10/25/2025 01:38,,True,320aa693-fc3c-4ff1-a5cb-8ac46498035e
a1f3e954-24da-45fe-8902-64acb45555b6,10/26/2025 00:00,PROD-001,Laptop Dell Inspiron 15,LAP-DELL-001,2,PROV-001,TechDistributor SA,Warehouse C,A2,10,2,8,0,12,23,42,32,0.0,650.0,6500.0,3,10/02/2025,10/12/2025,BATCH-202510-9935,10/26/2025 00:36,,True,5cb9a522-2424-4db0-bed8-9bbb6b3610eb
4aa9ccce-6b3e-43f8-a928-be38dad848d3,10/27/2025 00:00,PROD-001,Laptop Dell Inspiron 15,LAP-DELL-001,2,PROV-001,TechDistributor SA,Warehouse C,A2,10,2,8,0,26,46,59,49,0.0,650.0,6500.0,3,10/02/2025,10/13/2025,BATCH-202510-9935,10/27/2025 00:14,,True,320aa693-fc3c-4ff1-a5cb-8ac46498035e
15ae941a-7935-49b2-9d77-bfc8fb4de4a2,10/28/2025 00:00,PROD-001,Laptop Dell Inspiron 15,LAP-DELL-001,2,PROV-001,TechDistributor SA,Warehouse C,A2,10,1,9,0,15,32,69,59,0.0,650.0,6500.0,3,10/02/2025,10/14/2025,BATCH-202510-9935,10/28/2025 01:18,,True,5cb9a522-2424-4db0-bed8-9bbb6b3610eb
f4d8833e-5555-4070-8a0d-50bf0ec54ce8,10/29/2025 00:00,PROD-001,Laptop Dell Inspiron 15,LAP-DELL-001,2,PROV-001,TechDistributor SA,Warehouse C,A2,9,2,7,1,29,48,84,75,0.14,650.0,5850.0,3,10/02/2025,10/15/2025,BATCH-202510-9935,10/29/2025 01:09,,True,3d80d4e8-e4c7-4ee1-a463-e5835549a8ea
b98aab5a-b733-4f5c-a825-536495819801,10/30/2025 00:00,PROD-001,Laptop Dell Inspiron 15,LAP-DELL-001,2,PROV-001,TechDistributor SA,Warehouse C,A2,9,0,9,0,29,38,48,39,0.14,650.0,5850.0,3,10/02/2025,10/23/2025,BATCH-202510-9935,10/30/2025 01:11,,True,5cb9a522-2424-4db0-bed8-9bbb6b3610eb
e776ce26-9c42-421e-a4c3-ed8c4ac565eb,10/31/2025 00:00,PROD-001,Laptop Dell Inspiron 15,LAP-DELL-001,2,PROV-001,TechDistributor SA,Warehouse C,A2,9,1,8,0,6,19,27,18,0.14,650.0,5850.0,4,10/02/2025,10/17/2025,BATCH-202510-9935,10/31/2025 01:14,,True,765ba688-863c-4eaf-bce6-ce64767261d2
063e25a7-1d9e-432d-8342-b8d80e900ff2,11/01/2025 00:00,PROD-001,Laptop Dell Inspiron 15,LAP-DELL-001,2,PROV-001,TechDistributor SA,Warehouse C,A2,9,1,8,0,12,21,33,24,0.14,650.0,5850.0,3,10/02/2025,10/02/2025,BATCH-202510-9935,11/01/2025 00:30,,True,765ba688-863c-4eaf-bce6-ce64767261d2
cd8b62f4-483a-412c-96ab-57b02144264e,11/02/2025 00:00,PROD-001,Laptop Dell Inspiron 15,LAP-DELL-001,2,PROV-001,TechDistributor SA,Warehouse C,A2,9,1,8,0,6,18,32,23,0.14,650.0,5850.0,4,10/02/2025,10/26/2025,BATCH-202510-9935,11/02/2025 01:51,,True,5cb9a522-2424-4db0-bed8-9bbb6b3610eb
23f6ffcd-72c8-4dd4-acba-114d5f6b445d,10/20/2025 00:00,PROD-002,Mouse Logitech MX Master 3,MOU-LOG-003,0,PROV-002,ElectroSupply Corp,Warehouse B,C2,157,15,142,0,6,26,34,0,,99.99,15698.43,1,09/11/2025,10/13/2025,BATCH-202510-5315,10/20/2025 00:05,,True,d4eb7f1a-bd82-4e47-a8c8-d25decce49bf
86368138-109d-46ff-93e3-0b69e06cf21d,10/21/2025 00:00,PROD-002,Mouse Logitech MX Master 3,MOU-LOG-003,0,PROV-002,ElectroSupply Corp,Warehouse B,C2,156,14,142,1,12,24,54,0,1.0,99.99,15598.44,1,09/11/2025,09/21/2025,BATCH-202510-5315,10/21/2025 01:38,,True,765ba688-863c-4eaf-bce6-ce64767261d2
cbe44aed-56c2-476f-8abc-d17852af73cc,10/22/2025 00:00,PROD-002,Mouse Logitech MX Master 3,MOU-LOG-003,0,PROV-002,ElectroSupply Corp,Warehouse B,C2,156,4,152,0,7,27,53,0,0.5,99.99,15598.44,1,09/11/2025,09/22/2025,BATCH-202510-5315,10/22/2025 00:39,,True,320aa693-fc3c-4ff1-a5cb-8ac46498035e
5a8353be-049c-424e-839a-b70f3e4d32a3,10/23/2025 00:00,PROD-002,Mouse Logitech MX Master 3,MOU-LOG-003,0,PROV-002,ElectroSupply Corp,Warehouse B,C2,151,21,130,5,6,24,35,0,2.0,99.99,15098.49,1,09/11/2025,10/16/2025,BATCH-202510-5315,10/23/2025 00:20,,True,5cb9a522-2424-4db0-bed8-9bbb6b3610eb
350e6df6-7301-424a-b50f-d95367957fd6,10/24/2025 00:00,PROD-002,Mouse Logitech MX Master 3,MOU-LOG-003,0,PROV-002,ElectroSupply Corp,Warehouse B,C2,150,1,149,1,15,26,46,0,1.75,99.99,14998.5,1,09/11/2025,09/24/2025,BATCH-202510-5315,10/24/2025 01:58,,True,765ba688-863c-4eaf-bce6-ce64767261d2
1e6ad46a-e987-4d2a-94e4-78af51c03671,10/25/2025 00:00,PROD-002,Mouse Logitech MX Master 3,MOU-LOG-003,0,PROV-002,ElectroSupply Corp,Warehouse B,C2,149,37,112,1,7,15,32,0,1.6,99.99,14898.51,1,09/11/2025,10/18/2025,BATCH-202510-5315,10/25/2025 00:15,,True,765ba688-863c-4eaf-bce6-ce64767261d2
d1473b52-9e78-4c9e-ac07-4c94494ac6ce,10/26/2025 00:00,PROD-002,Mouse Logitech MX Master 3,MOU-LOG-003,0,PROV-002,ElectroSupply Corp,Warehouse B,C2,149,35,114,0,21,29,46,0,1.33,99.99,14898.51,1,09/11/2025,10/12/2025,BATCH-202510-5315,10/26/2025 00:31,,True,5cb9a522-2424-4db0-bed8-9bbb6b3610eb
cd254ba9-88ed-4b6c-9851-cd780445b84e,10/27/2025 00:00,PROD-002,Mouse Logitech MX Master 3,MOU-LOG-003,0,PROV-002,ElectroSupply Corp,Warehouse B,C2,149,14,135,0,12,30,69,0,1.14,99.99,14898.51,1,09/11/2025,10/20/2025,BATCH-202510-5315,10/27/2025 00:11,,True,765ba688-863c-4eaf-bce6-ce64767261d2
15ffd0b2-2c39-4ced-9c36-e8ec9ea28076,10/28/2025 00:00,PROD-002,Mouse Logitech MX Master 3,MOU-LOG-003,0,PROV-002,ElectroSupply Corp,Warehouse B,C2,149,37,112,0,13,29,62,0,1.0,99.99,14898.51,1,09/11/2025,09/28/2025,BATCH-202510-5315,10/28/2025 01:39,,True,765ba688-863c-4eaf-bce6-ce64767261d2
aa432732-b19f-4e89-8e3f-9587d1b62ae7,10/29/2025 00:00,PROD-002,Mouse Logitech MX Master 3,MOU-LOG-003,0,PROV-002,ElectroSupply Corp,Warehouse B,C2,145,14,131,4,26,44,57,0,1.57,99.99,14498.55,1,09/11/2025,09/29/2025,BATCH-202510-5315,10/29/2025 00:22,,True,d4eb7f1a-bd82-4e47-a8c8-d25decce49bf
a90ff884-e68a-4f8c-a2e2-661134e0547a,10/30/2025 00:00,PROD-002,Mouse Logitech MX Master 3,MOU-LOG-003,0,PROV-002,ElectroSupply Corp,Warehouse B,C2,145,0,145,0,20,38,70,0,0.86,99.99,14498.55,1,09/11/2025,10/16/2025,BATCH-202510-5315,10/30/2025 00:28,,True,d4eb7f1a-bd82-4e47-a8c8-d25decce49bf
5a60f1af-ec90-4874-a6ae-f3a4a148b435,10/31/2025 00:00,PROD-002,Mouse Logitech MX Master 3,MOU-LOG-003,0,PROV-002,ElectroSupply Corp,Warehouse B,C2,145,4,141,0,11,30,46,0,0.71,99.99,14498.55,1,09/11/2025,10/01/2025,BATCH-202510-5315,10/31/2025 00:26,,True,320aa693-fc3c-4ff1-a5cb-8ac46498035e
83857718-0e92-4401-8aae-7706e615a0eb,11/01/2025 00:00,PROD-002,Mouse Logitech MX Master 3,MOU-LOG-003,0,PROV-002,ElectroSupply Corp,Warehouse B,C2,140,45,95,5,22,28,50,0,1.29,99.99,13998.6,1,09/11/2025,10/02/2025,BATCH-202510-5315,11/01/2025 01:24,,True,320aa693-fc3c-4ff1-a5cb-8ac46498035e
90862769-a62a-4cc4-9082-9c0cd6603e78,11/02/2025 00:00,PROD-002,Mouse Logitech MX Master 3,MOU-LOG-003,0,PROV-002,ElectroSupply Corp,Warehouse B,C2,140,40,100,0,9,17,51,0,1.29,99.99,13998.6,1,09/11/2025,10/19/2025,BATCH-202510-5315,11/02/2025 00:16,,True,320aa693-fc3c-4ff1-a5cb-8ac46498035e
473fef78-2349-4373-95bf-8bf437a72d00,10/20/2025 00:00,PROD-003,Teclado Mecánico Corsair K70,TEC-COR-005,0,PROV-003,GlobalTech Imports,Warehouse A,D1,130,4,126,0,7,21,42,0,,149.99,19498.7,1,09/16/2025,10/13/2025,BATCH-202510-8454,10/20/2025 00:05,,True,5cb9a522-2424-4db0-bed8-9bbb6b3610eb
b40464bb-c5fb-4460-8da1-68957cf1d9de,10/21/2025 00:00,PROD-003,Teclado Mecánico Corsair K70,TEC-COR-005,0,PROV-003,GlobalTech Imports,Warehouse A,D1,130,0,130,0,12,20,28,0,0.0,149.99,19498.7,1,09/16/2025,10/07/2025,BATCH-202510-8454,10/21/2025 00:55,,True,765ba688-863c-4eaf-bce6-ce64767261d2
ff479e0c-dd12-42e9-b7c6-c234f24f1195,10/22/2025 00:00,PROD-003,Teclado Mecánico Corsair K70,TEC-COR-005,0,PROV-003,GlobalTech Imports,Warehouse A,D1,130,29,101,0,16,25,35,0,0.0,149.99,19498.7,1,09/16/2025,09/22/2025,BATCH-202510-8454,10/22/2025 01:25,,True,765ba688-863c-4eaf-bce6-ce64767261d2
88fd60ba-6fd5-477c-9f9f-8664ede8fa53,10/23/2025 00:00,PROD-003,Teclado Mecánico Corsair K70,TEC-COR-005,0,PROV-003,GlobalTech Imports,Warehouse A,D1,128,39,89,2,14,27,59,0,0.67,149.99,19198.72,1,09/16/2025,10/09/2025,BATCH-202510-8454,10/23/2025 00:28,,True,765ba688-863c-4eaf-bce6-ce64767261d2
b24ea016-a094-40eb-8c0b-89571664fab8,10/24/2025 00:00,PROD-003,Teclado Mecánico Corsair K70,TEC-COR-005,0,PROV-003,GlobalTech Imports,Warehouse A,D1,123,36,87,5,10,18,40,0,1.75,149.99,18448.77,1,09/16/2025,09/24/2025,BATCH-202510-8454,10/24/2025 00:08,,True,d4eb7f1a-bd82-4e47-a8c8-d25decce49bf
603d213b-ba7f-499b-a7af-7ca0eca12729,10/25/2025 00:00,PROD-003,Teclado Mecánico Corsair K70,TEC-COR-005,0,PROV-003,GlobalTech Imports,Warehouse A,D1,111,6,105,12,19,27,34,0,3.8,149.99,16648.89,1,09/16/2025,09/25/2025,BATCH-202510-8454,10/25/2025 01:02,,True,5cb9a522-2424-4db0-bed8-9bbb6b3610eb
5591c512-7f75-4325-9300-d41a504eac07,10/26/2025 00:00,PROD-003,Teclado Mecánico Corsair K70,TEC-COR-005,0,PROV-003,GlobalTech Imports,Warehouse A,D1,111,4,107,0,22,31,36,0,3.17,149.99,16648.89,1,09/16/2025,10/19/2025,BATCH-202510-8454,10/26/2025 00:08,,True,765ba688-863c-4eaf-bce6-ce64767261d2
e0fc2e97-721b-4e26-9d7c-3abe7a22b00a,10/27/2025 00:00,PROD-003,Teclado Mecánico Corsair K70,TEC-COR-005,0,PROV-003,GlobalTech Imports,Warehouse A,D1,105,34,71,6,27,40,66,0,3.57,149.99,15748.95,1,09/16/2025,10/20/2025,BATCH-202510-8454,10/27/2025 00:09,,True,3d80d4e8-e4c7-4ee1-a463-e5835549a8ea
696954c3-2572-4fa1-8fbe-d15153a1dfaa,10/28/2025 00:00,PROD-003,Teclado Mecánico Corsair K70,TEC-COR-005,0,PROV-003,GlobalTech Imports,Warehouse A,D1,104,13,91,1,14,28,41,0,3.71,149.99,15598.96,1,09/16/2025,10/21/2025,BATCH-202510-8454,10/28/2025 00:52,,True,5cb9a522-2424-4db0-bed8-9bbb6b3610eb
1b181638-f29e-4fad-a2e7-f255d1dbbe19,10/29/2025 00:00,PROD-003,Teclado Mecánico Corsair K70,TEC-COR-005,0,PROV-003,GlobalTech Imports,Warehouse A,D1,104,32,72,0,24,35,56,0,3.71,149.99,15598.96,1,09/16/2025,10/22/2025,BATCH-202510-8454,10/29/2025 01:15,,True,5cb9a522-2424-4db0-bed8-9bbb6b3610eb
4508dacc-e0ae-4542-a078-cf51ccff3868,10/30/2025 00:00,PROD-003,Teclado Mecánico Corsair K70,TEC-COR-005,0,PROV-003,GlobalTech Imports,Warehouse A,D1,97,16,81,7,30,45,60,0,4.43,149.99,14549.03,1,09/16/2025,10/16/2025,BATCH-202510-8454,10/30/2025 01:25,,True,d4eb7f1a-bd82-4e47-a8c8-d25decce49bf
537e9670-2804-4aac-b969-0473f476a347,10/31/2025 00:00,PROD-003,Teclado Mecánico Corsair K70,TEC-COR-005,0,PROV-003,GlobalTech Imports,Warehouse A,D1,94,8,86,3,25,36,69,0,4.14,149.99,14099.06,1,09/16/2025,10/17/2025,BATCH-202510-8454,10/31/2025 00:27,,True,320aa693-fc3c-4ff1-a5cb-8ac46498035e
d348ab38-800c-4253-a035-af09404a990d,11/01/2025 00:00,PROD-003,Teclado Mecánico Corsair K70,TEC-COR-005,0,PROV-003,GlobalTech Imports,Warehouse A,D1,87,29,58,7,21,34,74,0,3.43,149.99,13049.13,1,09/16/2025,10/18/2025,BATCH-202510-8454,11/01/2025 00:51,,True,d4eb7f1a-bd82-4e47-a8c8-d25decce49bf
57459fbb-d09e-4167-b697-114793c14747,11/02/2025 00:00,PROD-003,Teclado Mecánico Corsair K70,TEC-COR-005,0,PROV-003,GlobalTech Imports,Warehouse A,D1,86,11,75,1,5,25,57,0,3.57,149.99,12899.14,1,09/16/2025,10/19/2025,BATCH-202510-8454,11/02/2025 00:41,,True,765ba688-863c-4eaf-bce6-ce64767261d2
5cdcab9a-171a-4778-8336-e8f259929eee,10/20/2025 00:00,PROD-004,Monitor LG UltraWide 34'',MON-LG-002,2,PROV-004,CompuWholesale Ltd,Warehouse B,C2,10,3,7,0,7,24,49,39,,480.0,4800.0,4,09/25/2025,10/13/2025,BATCH-202510-7658,10/20/2025 00:05,,True,3d80d4e8-e4c7-4ee1-a463-e5835549a8ea
ddc6fb50-60c9-4654-b78d-886204f3a476,10/21/2025 00:00,PROD-004,Monitor LG UltraWide 34'',MON-LG-002,2,PROV-004,CompuWholesale Ltd,Warehouse B,C2,10,2,8,0,26,40,74,64,0.0,480.0,4800.0,3,09/25/2025,09/21/2025,BATCH-202510-7658,10/21/2025 01:36,,True,d4eb7f1a-bd82-4e47-a8c8-d25decce49bf
6989b21c-1bbf-496d-8dfc-b3f4f7444bb7,10/22/2025 00:00,PROD-004,Monitor LG UltraWide 34'',MON-LG-002,2,PROV-004,CompuWholesale Ltd,Warehouse B,C2,10,2,8,0,15,24,57,47,0.0,480.0,4800.0,3,09/25/2025,10/15/2025,BATCH-202510-7658,10/22/2025 01:43,,True,d4eb7f1a-bd82-4e47-a8c8-d25decce49bf
aede0dfb-107c-461b-ab10-2922b86eb415,10/23/2025 00:00,PROD-004,Monitor LG UltraWide 34'',MON-LG-002,2,PROV-004,CompuWholesale Ltd,Warehouse B,C2,10,3,7,0,24,35,68,58,0.0,480.0,4800.0,3,09/25/2025,10/16/2025,BATCH-202510-7658,10/23/2025 00:23,,True,d4eb7f1a-bd82-4e47-a8c8-d25decce49bf
3b41b37b-55ae-4b93-b42a-b52b2c43372b,10/24/2025 00:00,PROD-004,Monitor LG UltraWide 34'',MON-LG-002,2,PROV-004,CompuWholesale Ltd,Warehouse B,C2,10,0,10,0,15,33,51,41,0.0,480.0,4800.0,3,09/25/2025,10/10/2025,BATCH-202510-7658,10/24/2025 01:43,,True,765ba688-863c-4eaf-bce6-ce64767261d2
752cb6c4-04a3-4693-9b43-5a40899553fd,10/25/2025 00:00,PROD-004,Monitor LG UltraWide 34'',MON-LG-002,2,PROV-004,CompuWholesale Ltd,Warehouse B,C2,10,3,7,0,26,43,80,70,0.0,480.0,4800.0,3,09/25/2025,10/18/2025,BATCH-202510-7658,10/25/2025 00:35,,True,765ba688-863c-4eaf-bce6-ce64767261d2
9ffb0a2e-ca49-4de8-9e0c-084bbed0aef9,10/26/2025 00:00,PROD-004,Monitor LG UltraWide 34'',MON-LG-002,2,PROV-004,CompuWholesale Ltd,Warehouse B,C2,10,1,9,0,8,18,53,43,0.0,480.0,4800.0,4,09/25/2025,10/12/2025,BATCH-202510-7658,10/26/2025 01:52,,True,d4eb7f1a-bd82-4e47-a8c8-d25decce49bf
d7be4daf-6659-462d-a181-96ff2ad6e3ad,10/27/2025 00:00,PROD-004,Monitor LG UltraWide 34'',MON-LG-002,2,PROV-004,CompuWholesale Ltd,Warehouse B,C2,10,2,8,0,28,42,57,47,0.0,480.0,4800.0,3,09/25/2025,10/20/2025,BATCH-202510-7658,10/27/2025 01:45,,True,320aa693-fc3c-4ff1-a5cb-8ac46498035e
4434e218-a0c2-44b0-9492-7798dfe11e95,10/28/2025 00:00,PROD-004,Monitor LG UltraWide 34'',MON-LG-002,2,PROV-004,CompuWholesale Ltd,Warehouse B,C2,10,0,10,0,14,31,41,31,0.0,480.0,4800.0,3,09/25/2025,10/21/2025,BATCH-202510-7658,10/28/2025 00:29,,True,5cb9a522-2424-4db0-bed8-9bbb6b3610eb
ad7c9259-d0fc-4234-ab15-589dcd016729,10/29/2025 00:00,PROD-004,Monitor LG UltraWide 34'',MON-LG-002,2,PROV-004,CompuWholesale Ltd,Warehouse B,C2,10,3,7,0,21,26,49,39,0.0,480.0,4800.0,3,09/25/2025,10/15/2025,BATCH-202510-7658,10/29/2025 00:36,,True,765ba688-863c-4eaf-bce6-ce64767261d2
3f15d459-31ad-4b33-8514-c35bafdd953c,10/30/2025 00:00,PROD-004,Monitor LG UltraWide 34'',MON-LG-002,2,PROV-004,CompuWholesale Ltd,Warehouse B,C2,10,0,10,0,14,28,65,55,0.0,480.0,4800.0,3,09/25/2025,10/16/2025,BATCH-202510-7658,10/30/2025 00:45,,True,320aa693-fc3c-4ff1-a5cb-8ac46498035e
4eda0f5a-6986-41f5-b154-1ee970f2b549,10/31/2025 00:00,PROD-004,Monitor LG UltraWide 34'',MON-LG-002,2,PROV-004,CompuWholesale Ltd,Warehouse B,C2,10,1,9,0,26,40,66,56,0.0,480.0,4800.0,3,09/25/2025,10/01/2025,BATCH-202510-7658,10/31/2025 00:43,,True,320aa693-fc3c-4ff1-a5cb-8ac46498035e
5ef2e95f-40fc-4beb-9478-e9d254da38ff,11/01/2025 00:00,PROD-004,Monitor LG UltraWide 34'',MON-LG-002,2,PROV-004,CompuWholesale Ltd,Warehouse B,C2,10,2,8,0,18,29,39,29,0.0,480.0,4800.0,3,09/25/2025,10/18/2025,BATCH-202510-7658,11/01/2025 00:23,,True,5cb9a522-2424-4db0-bed8-9bbb6b3610eb
958c6260-13ff-4168-92b9-68a71f0eca5f,11/02/2025 00:00,PROD-004,Monitor LG UltraWide 34'',MON-LG-002,2,PROV-004,CompuWholesale Ltd,Warehouse B,C2,10,3,7,0,15,33,53,43,0.0,480.0,4800.0,3,09/25/2025,10/26/2025,BATCH-202510-7658,11/02/2025 00:14,,True,d4eb7f1a-bd82-4e47-a8c8-d25decce49bf
5508d7d9-f10f-4f79-863a-1933722298ab,10/20/2025 00:00,PROD-005,Auriculares Sony WH-1000XM5,AUR-SON-008,1,PROV-001,TechDistributor SA,Warehouse C,D1,61,13,48,0,18,35,43,0,,349.99,21349.39,1,08/30/2025,10/13/2025,BATCH-202510-2746,10/20/2025 00:05,,True,765ba688-863c-4eaf-bce6-ce64767261d2
63ca8e24-a866-4b2b-99aa-bff4022fc32e,10/21/2025 00:00,PROD-005,Auriculares Sony WH-1000XM5,AUR-SON-008,1,PROV-001,TechDistributor SA,Warehouse C,D1,61,1,60,0,22,37,58,0,0.0,349.99,21349.39,1,08/30/2025,10/07/2025,BATCH-202510-2746,10/21/2025 00:29,,True,5cb9a522-2424-4db0-bed8-9bbb6b3610eb
bb6c299a-3202-4ecd-8803-aef8ef48747d,10/22/2025 00:00,PROD-005,Auriculares Sony WH-1000XM5,AUR-SON-008,1,PROV-001,TechDistributor SA,Warehouse C,D1,61,6,55,0,28,45,74,13,0.0,349.99,21349.39,1,08/30/2025,09/22/2025,BATCH-202510-2746,10/22/2025 01:00,,True,765ba688-863c-4eaf-bce6-ce64767261d2
1fd5198b-3589-4fd7-bb23-96be03ac62a1,10/23/2025 00:00,PROD-005,Auriculares Sony WH-1000XM5,AUR-SON-008,1,PROV-001,TechDistributor SA,Warehouse C,D1,61,13,48,0,28,38,63,2,0.0,349.99,21349.39,1,08/30/2025,10/16/2025,BATCH-202510-2746,10/23/2025 00:59,,True,3d80d4e8-e4c7-4ee1-a463-e5835549a8ea
2649824a-9de1-4257-8129-42f7fe2de1fe,10/24/2025 00:00,PROD-005,Auriculares Sony WH-1000XM5,AUR-SON-008,1,PROV-001,TechDistributor SA,Warehouse C,D1,61,12,49,0,22,41,59,0,0.0,349.99,21349.39,1,08/30/2025,09/24/2025,BATCH-202510-2746,10/24/2025 01:12,,True,d4eb7f1a-bd82-4e47-a8c8-d25decce49bf
ffb91c41-8e7f-4c02-8cba-4ab0171fb4ce,10/25/2025 00:00,PROD-005,Auriculares Sony WH-1000XM5,AUR-SON-008,1,PROV-001,TechDistributor SA,Warehouse C,D1,61,18,43,0,30,39,73,12,0.0,349.99,21349.39,1,08/30/2025,10/11/2025,BATCH-202510-2746,10/25/2025 01:19,,True,765ba688-863c-4eaf-bce6-ce64767261d2
0d8b22b7-022f-4ce7-855d-2bb08ccb507e,10/26/2025 00:00,PROD-005,Auriculares Sony WH-1000XM5,AUR-SON-008,1,PROV-001,TechDistributor SA,Warehouse C,D1,61,0,61,0,24,29,54,0,0.0,349.99,21349.39,1,08/30/2025,10/12/2025,BATCH-202510-2746,10/26/2025 01:47,,True,765ba688-863c-4eaf-bce6-ce64767261d2
81aef8e5-b148-45e3-8744-47664bbc8c16,10/27/2025 00:00,PROD-005,Auriculares Sony WH-1000XM5,AUR-SON-008,1,PROV-001,TechDistributor SA,Warehouse C,D1,61,18,43,0,12,29,55,0,0.0,349.99,21349.39,1,08/30/2025,10/20/2025,BATCH-202510-2746,10/27/2025 01:36,,True,765ba688-863c-4eaf-bce6-ce64767261d2
1f3d00f7-acd7-4487-8223-4a94086673b2,10/28/2025 00:00,PROD-005,Auriculares Sony WH-1000XM5,AUR-SON-008,1,PROV-001,TechDistributor SA,Warehouse C,D1,61,12,49,0,20,25,54,0,0.0,349.99,21349.39,1,08/30/2025,10/21/2025,BATCH-202510-2746,10/28/2025 01:48,,True,d4eb7f1a-bd82-4e47-a8c8-d25decce49bf
0b43c889-e127-47ad-ae06-bc3b04712a0d,10/29/2025 00:00,PROD-005,Auriculares Sony WH-1000XM5,AUR-SON-008,1,PROV-001,TechDistributor SA,Warehouse C,D1,61,15,46,0,12,19,41,0,0.0,349.99,21349.39,1,08/30/2025,09/29/2025,BATCH-202510-2746,10/29/2025 01:03,,True,d4eb7f1a-bd82-4e47-a8c8-d25decce49bf
b013c368-7ad4-4f9a-965a-888e3fab4a74,10/30/2025 00:00,PROD-005,Auriculares Sony WH-1000XM5,AUR-SON-008,1,PROV-001,TechDistributor SA,Warehouse C,D1,61,0,61,0,13,31,62,1,0.0,349.99,21349.39,1,08/30/2025,10/23/2025,BATCH-202510-2746,10/30/2025 01:32,,True,765ba688-863c-4eaf-bce6-ce64767261d2
03ad8581-cce5-416c-bdb5-78462f4fbc3b,10/31/2025 00:00,PROD-005,Auriculares Sony WH-1000XM5,AUR-SON-008,1,PROV-001,TechDistributor SA,Warehouse C,D1,58,11,47,3,18,27,48,0,0.43,349.99,20299.42,1,08/30/2025,10/17/2025,BATCH-202510-2746,10/31/2025 01:55,,True,5cb9a522-2424-4db0-bed8-9bbb6b3610eb
01b73b51-fe02-4024-a17c-844e7c631f27,11/01/2025 00:00,PROD-005,Auriculares Sony WH-1000XM5,AUR-SON-008,1,PROV-001,TechDistributor SA,Warehouse C,D1,49,9,40,9,20,39,49,0,1.71,349.99,17149.51,1,08/30/2025,10/25/2025,BATCH-202510-2746,11/01/2025 00:50,,True,d4eb7f1a-bd82-4e47-a8c8-d25decce49bf
3cebc8d6-165d-4867-9bfa-3d5c8c1dcfbb,11/02/2025 00:00,PROD-005,Auriculares Sony WH-1000XM5,AUR-SON-008,1,PROV-001,TechDistributor SA,Warehouse C,D1,141,24,117,0,5,15,50,0,14.86,349.99,49348.59,1,08/30/2025,10/03/2025,BATCH-202511-6421,11/02/2025 01:00,Reabastecimiento urgente,True,d4eb7f1a-bd82-4e47-a8c8-d25decce49bf
21149ba8-11c8-408a-a9f1-ff541ddec1d7,10/20/2025 00:00,PROD-006,Webcam Logitech C920,WEB-LOG-011,0,PROV-002,ElectroSupply Corp,Warehouse A,D2,158,27,131,0,5,10,40,0,,79.99,12638.42,1,09/11/2025,10/13/2025,BATCH-202510-3749,10/20/2025 00:05,,True,3d80d4e8-e4c7-4ee1-a463-e5835549a8ea
3aa9b2a0-fc35-44a0-a37a-d64820b9b9b4,10/21/2025 00:00,PROD-006,Webcam Logitech C920,WEB-LOG-011,0,PROV-002,ElectroSupply Corp,Warehouse A,D2,155,46,109,3,20,31,51,0,3.0,79.99,12398.45,1,09/11/2025,09/21/2025,BATCH-202510-3749,10/21/2025 01:18,,True,3d80d4e8-e4c7-4ee1-a463-e5835549a8ea
f37cfcca-ccc4-47e5-acfe-fd2703fc5902,10/22/2025 00:00,PROD-006,Webcam Logitech C920,WEB-LOG-011,0,PROV-002,ElectroSupply Corp,Warehouse A,D2,153,37,116,2,15,22,46,0,2.5,79.99,12238.47,1,09/11/2025,10/15/2025,BATCH-202510-3749,10/22/2025 00:40,,True,d4eb7f1a-bd82-4e47-a8c8-d25decce49bf
e56801ac-5a90-4f22-86aa-53693fc1869d,10/23/2025 00:00,PROD-006,Webcam Logitech C920,WEB-LOG-011,0,PROV-002,ElectroSupply Corp,Warehouse A,D2,153,17,136,0,10,22,50,0,1.67,79.99,12238.47,1,09/11/2025,10/09/2025,BATCH-202510-3749,10/23/2025 01:14,,True,765ba688-863c-4eaf-bce6-ce64767261d2
666aac3f-b1d4-4e5c-a833-afb3a186b5a6,10/24/2025 00:00,PROD-006,Webcam Logitech C920,WEB-LOG-011,0,PROV-002,ElectroSupply Corp,Warehouse A,D2,153,20,133,0,20,38,73,0,1.25,79.99,12238.47,1,09/11/2025,10/10/2025,BATCH-202510-3749,10/24/2025 01:32,,True,d4eb7f1a-bd82-4e47-a8c8-d25decce49bf
19dff237-ae56-48f8-8868-5b944dacf2ad,10/25/2025 00:00,PROD-006,Webcam Logitech C920,WEB-LOG-011,0,PROV-002,ElectroSupply Corp,Warehouse A,D2,144,15,129,9,11,31,71,0,2.8,79.99,11518.56,1,09/11/2025,09/25/2025,BATCH-202510-3749,10/25/2025 00:32,,True,3d80d4e8-e4c7-4ee1-a463-e5835549a8ea
bd3eb65c-1bd6-4cf7-ae35-9fb237f33ac2,10/26/2025 00:00,PROD-006,Webcam Logitech C920,WEB-LOG-011,0,PROV-002,ElectroSupply Corp,Warehouse A,D2,143,5,138,1,16,28,66,0,2.5,79.99,11438.57,1,09/11/2025,09/26/2025,BATCH-202510-3749,10/26/2025 01:17,,True,765ba688-863c-4eaf-bce6-ce64767261d2
61eb35bf-26a7-4a4e-9673-0a8943569c38,10/27/2025 00:00,PROD-006,Webcam Logitech C920,WEB-LOG-011,0,PROV-002,ElectroSupply Corp,Warehouse A,D2,134,17,117,9,30,50,77,0,3.43,79.99,10718.66,1,09/11/2025,09/27/2025,BATCH-202510-3749,10/27/2025 01:41,,True,5cb9a522-2424-4db0-bed8-9bbb6b3610eb
4c8fbc91-89af-4d65-bd2b-93330ff679ae,10/28/2025 00:00,PROD-006,Webcam Logitech C920,WEB-LOG-011,0,PROV-002,ElectroSupply Corp,Warehouse A,D2,133,28,105,1,13,33,65,0,3.14,79.99,10638.67,1,09/11/2025,09/28/2025,BATCH-202510-3749,10/28/2025 00:48,,True,d4eb7f1a-bd82-4e47-a8c8-d25decce49bf
ac92f239-11dc-4539-b7c8-db1de44dd6bd,10/29/2025 00:00,PROD-006,Webcam Logitech C920,WEB-LOG-011,0,PROV-002,ElectroSupply Corp,Warehouse A,D2,133,15,118,0,15,34,74,0,2.86,79.99,10638.67,1,09/11/2025,10/22/2025,BATCH-202510-3749,10/29/2025 01:49,,True,d4eb7f1a-bd82-4e47-a8c8-d25decce49bf
7c6a40d7-3ef2-4fe6-ad63-460944aa2692,10/30/2025 00:00,PROD-006,Webcam Logitech C920,WEB-LOG-011,0,PROV-002,ElectroSupply Corp,Warehouse A,D2,127,29,98,6,13,18,44,0,3.71,79.99,10158.73,1,09/11/2025,10/16/2025,BATCH-202510-3749,10/30/2025 00:47,,True,d4eb7f1a-bd82-4e47-a8c8-d25decce49bf
d99bdf48-85dc-404c-a659-4947c1c41bcb,10/31/2025 00:00,PROD-006,Webcam Logitech C920,WEB-LOG-011,0,PROV-002,ElectroSupply Corp,Warehouse A,D2,118,36,82,9,24,31,58,0,5.0,79.99,9438.82,1,09/11/2025,10/01/2025,BATCH-202510-3749,10/31/2025 00:20,,True,320aa693-fc3c-4ff1-a5cb-8ac46498035e
e78a9568-cff2-47e0-82c7-dd41db3965dd,11/01/2025 00:00,PROD-006,Webcam Logitech C920,WEB-LOG-011,0,PROV-002,ElectroSupply Corp,Warehouse A,D2,109,24,85,9,27,41,75,0,5.0,79.99,8718.91,1,09/11/2025,10/02/2025,BATCH-202510-3749,11/01/2025 00:35,,True,3d80d4e8-e4c7-4ee1-a463-e5835549a8ea
6cb2e06b-79f4-4e23-82af-2cbbf1fce569,11/02/2025 00:00,PROD-006,Webcam Logitech C920,WEB-LOG-011,0,PROV-002,ElectroSupply Corp,Warehouse A,D2,109,21,88,0,13,25,47,0,4.86,79.99,8718.91,1,09/11/2025,10/19/2025,BATCH-202510-3749,11/02/2025 01:00,,True,5cb9a522-2424-4db0-bed8-9bbb6b3610eb
dd9a73ea-6fd6-45ec-94bf-6ba297af29a4,10/20/2025 00:00,PROD-007,Hub USB-C Anker 7 en 1,HUB-ANK-015,0,PROV-003,GlobalTech Imports,Warehouse C,C1,151,16,135,0,20,31,65,0,,59.99,9058.49,1,09/26/2025,10/13/2025,BATCH-202510-9751,10/20/2025 00:05,,True,765ba688-863c-4eaf-bce6-ce64767261d2
6ff16395-3925-4979-9403-627f8474768f,10/21/2025 00:00,PROD-007,Hub USB-C Anker 7 en 1,HUB-ANK-015,0,PROV-003,GlobalTech Imports,Warehouse C,C1,140,42,98,11,14,32,56,0,11.0,59.99,8398.6,1,09/26/2025,10/14/2025,BATCH-202510-9751,10/21/2025 00:36,,True,d4eb7f1a-bd82-4e47-a8c8-d25decce49bf
154b0de7-8867-47e9-954e-693f0d19a46c,10/22/2025 00:00,PROD-007,Hub USB-C Anker 7 en 1,HUB-ANK-015,0,PROV-003,GlobalTech Imports,Warehouse C,C1,139,5,134,1,6,14,44,0,6.0,59.99,8338.61,1,09/26/2025,10/08/2025,BATCH-202510-9751,10/22/2025 01:30,,True,5cb9a522-2424-4db0-bed8-9bbb6b3610eb
b4c5ecf8-60ab-4c95-b551-f4365e42d749,10/23/2025 00:00,PROD-007,Hub USB-C Anker 7 en 1,HUB-ANK-015,0,PROV-003,GlobalTech Imports,Warehouse C,C1,133,10,123,6,12,24,46,0,6.0,59.99,7978.67,1,09/26/2025,10/09/2025,BATCH-202510-9751,10/23/2025 00:14,,True,5cb9a522-2424-4db0-bed8-9bbb6b3610eb
93ea4a5f-0879-45a1-8e57-414773eca0f7,10/24/2025 00:00,PROD-007,Hub USB-C Anker 7 en 1,HUB-ANK-015,0,PROV-003,GlobalTech Imports,Warehouse C,C1,127,15,112,6,14,23,60,0,6.0,59.99,7618.73,1,09/26/2025,10/10/2025,BATCH-202510-9751,10/24/2025 01:02,,True,765ba688-863c-4eaf-bce6-ce64767261d2
127960d6-b0be-4ceb-b5e4-b66fb52343a5,10/25/2025 00:00,PROD-007,Hub USB-C Anker 7 en 1,HUB-ANK-015,0,PROV-003,GlobalTech Imports,Warehouse C,C1,124,11,113,3,27,40,79,0,5.4,59.99,7438.76,1,09/26/2025,10/18/2025,BATCH-202510-9751,10/25/2025 00:33,,True,3d80d4e8-e4c7-4ee1-a463-e5835549a8ea
48fb57e4-f086-42d2-a391-f3616e5b40bd,10/26/2025 00:00,PROD-007,Hub USB-C Anker 7 en 1,HUB-ANK-015,0,PROV-003,GlobalTech Imports,Warehouse C,C1,105,35,70,19,14,23,59,0,7.67,59.99,6298.95,1,09/26/2025,10/19/2025,BATCH-202510-9751,10/26/2025 00:52,,True,5cb9a522-2424-4db0-bed8-9bbb6b3610eb
9e3ad837-bfd5-404b-9cbe-d9451e5cb056,10/27/2025 00:00,PROD-007,Hub USB-C Anker 7 en 1,HUB-ANK-015,0,PROV-003,GlobalTech Imports,Warehouse C,C1,99,4,95,6,27,34,67,0,7.43,59.99,5939.01,1,09/26/2025,09/27/2025,BATCH-202510-9751,10/27/2025 00:07,,True,765ba688-863c-4eaf-bce6-ce64767261d2
f1c0b7b8-515a-42cf-ac9f-9f72a4e99709,10/28/2025 00:00,PROD-007,Hub USB-C Anker 7 en 1,HUB-ANK-015,0,PROV-003,GlobalTech Imports,Warehouse C,C1,99,10,89,0,19,25,35,0,5.86,59.99,5939.01,1,09/26/2025,10/14/2025,BATCH-202510-9751,10/28/2025 00:11,,True,d4eb7f1a-bd82-4e47-a8c8-d25decce49bf
43bca33e-ffc3-46bb-a3b1-9f8efe24af2e,10/29/2025 00:00,PROD-007,Hub USB-C Anker 7 en 1,HUB-ANK-015,0,PROV-003,GlobalTech Imports,Warehouse C,C1,90,0,90,9,7,17,24,0,7.0,59.99,5399.1,1,09/26/2025,10/15/2025,BATCH-202510-9751,10/29/2025 01:18,,True,320aa693-fc3c-4ff1-a5cb-8ac46498035e
63441d7a-f498-4fc8-a8a5-17cb60b318b2,10/30/2025 00:00,PROD-007,Hub USB-C Anker 7 en 1,HUB-ANK-015,0,PROV-003,GlobalTech Imports,Warehouse C,C1,88,13,75,2,26,40,72,0,6.43,59.99,5279.12,1,09/26/2025,09/30/2025,BATCH-202510-9751,10/30/2025 00:49,,True,5cb9a522-2424-4db0-bed8-9bbb6b3610eb
89d79ad9-48e2-4286-93c4-4c8ad4829414,10/31/2025 00:00,PROD-007,Hub USB-C Anker 7 en 1,HUB-ANK-015,0,PROV-003,GlobalTech Imports,Warehouse C,C1,83,14,69,5,12,26,51,0,6.29,59.99,4979.17,1,09/26/2025,10/01/2025,BATCH-202510-9751,10/31/2025 00:55,,True,320aa693-fc3c-4ff1-a5cb-8ac46498035e
dc25b842-84d0-4019-a3f1-79ee03fcbed2,11/01/2025 00:00,PROD-007,Hub USB-C Anker 7 en 1,HUB-ANK-015,0,PROV-003,GlobalTech Imports,Warehouse C,C1,76,22,54,7,13,32,53,0,6.86,59.99,4559.24,1,09/26/2025,10/02/2025,BATCH-202510-9751,11/01/2025 01:35,,True,3d80d4e8-e4c7-4ee1-a463-e5835549a8ea
25ccef65-0c9e-4c9d-bc24-0e1e6a4a6995,11/02/2025 00:00,PROD-007,Hub USB-C Anker 7 en 1,HUB-ANK-015,0,PROV-003,GlobalTech Imports,Warehouse C,C1,76,19,57,0,30,38,44,0,4.14,59.99,4559.24,1,09/26/2025,10/03/2025,BATCH-202510-9751,11/02/2025 00:28,,True,d4eb7f1a-bd82-4e47-a8c8-d25decce49bf
bb3dbee2-53c7-4981-9e3b-e4f9f1583688,10/20/2025 00:00,PROD-008,Disco SSD Samsung 1TB,SSD-SAM-020,1,PROV-004,CompuWholesale Ltd,Warehouse C,D1,70,22,48,0,24,38,57,0,,89.99,6299.3,1,09/10/2025,10/13/2025,BATCH-202510-2713,10/20/2025 00:05,,True,320aa693-fc3c-4ff1-a5cb-8ac46498035e
a0fe05c4-a2bd-42d5-8030-53d190b7973f,10/21/2025 00:00,PROD-008,Disco SSD Samsung 1TB,SSD-SAM-020,1,PROV-004,CompuWholesale Ltd,Warehouse C,D1,68,9,59,2,21,35,66,0,2.0,89.99,6119.32,1,09/10/2025,10/14/2025,BATCH-202510-2713,10/21/2025 00:43,,True,765ba688-863c-4eaf-bce6-ce64767261d2
f76c8cb8-6301-4f6a-9631-f325ba161918,10/22/2025 00:00,PROD-008,Disco SSD Samsung 1TB,SSD-SAM-020,1,PROV-004,CompuWholesale Ltd,Warehouse C,D1,68,16,52,0,28,48,55,0,1.0,89.99,6119.32,1,09/10/2025,09/22/2025,BATCH-202510-2713,10/22/2025 00:52,,True,5cb9a522-2424-4db0-bed8-9bbb6b3610eb
cea3bd0e-58d4-4c54-949f-8ebfc014c038,10/23/2025 00:00,PROD-008,Disco SSD Samsung 1TB,SSD-SAM-020,1,PROV-004,CompuWholesale Ltd,Warehouse C,D1,68,22,46,0,9,18,43,0,0.67,89.99,6119.32,1,09/10/2025,10/09/2025,BATCH-202510-2713,10/23/2025 00:12,,True,320aa693-fc3c-4ff1-a5cb-8ac46498035e
fb9e0dfd-651b-4579-8aa2-1a9efcc3e0c1,10/24/2025 00:00,PROD-008,Disco SSD Samsung 1TB,SSD-SAM-020,1,PROV-004,CompuWholesale Ltd,Warehouse C,D1,65,8,57,3,7,26,61,0,1.25,89.99,5849.35,1,09/10/2025,10/10/2025,BATCH-202510-2713,10/24/2025 01:51,,True,765ba688-863c-4eaf-bce6-ce64767261d2
c1ad5174-73c1-46ae-88b2-5dbab73aee5a,10/25/2025 00:00,PROD-008,Disco SSD Samsung 1TB,SSD-SAM-020,1,PROV-004,CompuWholesale Ltd,Warehouse C,D1,65,13,52,0,13,33,62,0,1.0,89.99,5849.35,1,09/10/2025,09/25/2025,BATCH-202510-2713,10/25/2025 01:52,,True,d4eb7f1a-bd82-4e47-a8c8-d25decce49bf
ed06b7ba-339e-4fb8-a417-dde516056485,10/26/2025 00:00,PROD-008,Disco SSD Samsung 1TB,SSD-SAM-020,1,PROV-004,CompuWholesale Ltd,Warehouse C,D1,60,15,45,5,29,45,74,14,1.67,89.99,5399.4,1,09/10/2025,10/19/2025,BATCH-202510-2713,10/26/2025 01:07,,True,320aa693-fc3c-4ff1-a5cb-8ac46498035e
6b8e5231-fc25-4c77-b533-487bfae35c6e,10/27/2025 00:00,PROD-008,Disco SSD Samsung 1TB,SSD-SAM-020,1,PROV-004,CompuWholesale Ltd,Warehouse C,D1,60,15,45,0,30,45,59,0,1.43,89.99,5399.4,1,09/10/2025,09/27/2025,BATCH-202510-2713,10/27/2025 00:57,,True,d4eb7f1a-bd82-4e47-a8c8-d25decce49bf
49c2e0bc-8815-4118-b5b7-f2db2b8f8381,10/28/2025 00:00,PROD-008,Disco SSD Samsung 1TB,SSD-SAM-020,1,PROV-004,CompuWholesale Ltd,Warehouse C,D1,60,7,53,0,18,35,71,11,1.14,89.99,5399.4,1,09/10/2025,09/28/2025,BATCH-202510-2713,10/28/2025 00:17,,True,765ba688-863c-4eaf-bce6-ce64767261d2
bf4a9134-0a2f-4a69-9910-1dd65b6f658e,10/29/2025 00:00,PROD-008,Disco SSD Samsung 1TB,SSD-SAM-020,1,PROV-004,CompuWholesale Ltd,Warehouse C,D1,58,14,44,2,15,34,41,0,1.43,89.99,5219.42,1,09/10/2025,09/29/2025,BATCH-202510-2713,10/29/2025 01:03,,True,320aa693-fc3c-4ff1-a5cb-8ac46498035e
f4a3a745-53d9-4338-8f2e-a2babf7cbf32,10/30/2025 00:00,PROD-008,Disco SSD Samsung 1TB,SSD-SAM-020,1,PROV-004,CompuWholesale Ltd,Warehouse C,D1,58,17,41,0,30,45,58,0,1.43,89.99,5219.42,1,09/10/2025,09/30/2025,BATCH-202510-2713,10/30/2025 01:43,,True,3d80d4e8-e4c7-4ee1-a463-e5835549a8ea
2643f149-cbe2-453d-9a1d-e47d369298ce,10/31/2025 00:00,PROD-008,Disco SSD Samsung 1TB,SSD-SAM-020,1,PROV-004,CompuWholesale Ltd,Warehouse C,D1,58,4,54,0,21,32,69,11,1.0,89.99,5219.42,1,09/10/2025,10/01/2025,BATCH-202510-2713,10/31/2025 00:02,,True,3d80d4e8-e4c7-4ee1-a463-e5835549a8ea
481f2752-36fc-42aa-bd8d-503328217dd3,11/01/2025 00:00,PROD-008,Disco SSD Samsung 1TB,SSD-SAM-020,1,PROV-004,CompuWholesale Ltd,Warehouse C,D1,55,12,43,3,13,25,51,0,1.43,89.99,4949.45,1,09/10/2025,10/25/2025,BATCH-202510-2713,11/01/2025 01:00,,True,5cb9a522-2424-4db0-bed8-9bbb6b3610eb
0d6719e4-bc7a-4bac-9265-29724a660dd2,11/02/2025 00:00,PROD-008,Disco SSD Samsung 1TB,SSD-SAM-020,1,PROV-004,CompuWholesale Ltd,Warehouse C,D1,55,6,49,0,5,22,33,0,0.71,89.99,4949.45,1,09/10/2025,10/26/2025,BATCH-202510-2713,11/02/2025 01:04,,True,320aa693-fc3c-4ff1-a5cb-8ac46498035e
78db508f-9305-448b-9472-351902b03ef9,10/20/2025 00:00,PROD-009,Memoria RAM Corsair 16GB,RAM-COR-025,1,PROV-001,TechDistributor SA,Warehouse C,A2,51,14,37,0,5,17,40,0,,74.99,3824.49,1,09/16/2025,10/13/2025,BATCH-202510-8994,10/20/2025 00:05,,True,3d80d4e8-e4c7-4ee1-a463-e5835549a8ea
2b5611b4-11cd-4f09-b50f-d745ca11986d,10/21/2025 00:00,PROD-009,Memoria RAM Corsair 16GB,RAM-COR-025,1,PROV-001,TechDistributor SA,Warehouse C,A2,51,9,42,0,26,42,67,16,0.0,74.99,3824.49,1,09/16/2025,09/21/2025,BATCH-202510-8994,10/21/2025 00:05,,True,3d80d4e8-e4c7-4ee1-a463-e5835549a8ea
d7cbdf38-119c-4ae5-8701-4b425d743432,10/22/2025 00:00,PROD-009,Memoria RAM Corsair 16GB,RAM-COR-025,1,PROV-001,TechDistributor SA,Warehouse C,A2,48,6,42,3,17,29,60,12,1.5,74.99,3599.52,1,09/16/2025,09/22/2025,BATCH-202510-8994,10/22/2025 01:58,,True,765ba688-863c-4eaf-bce6-ce64767261d2
b274eb8d-d98e-4049-a7d8-2d84b3ac167d,10/23/2025 00:00,PROD-009,Memoria RAM Corsair 16GB,RAM-COR-025,1,PROV-001,TechDistributor SA,Warehouse C,A2,97,24,73,3,13,24,40,0,17.33,74.99,7274.03,1,09/16/2025,10/09/2025,BATCH-202510-2646,10/23/2025 00:22,Reabastecimiento urgente,True,320aa693-fc3c-4ff1-a5cb-8ac46498035e
2398b42f-18de-4825-b45b-656c7c5d1879,10/24/2025 00:00,PROD-009,Memoria RAM Corsair 16GB,RAM-COR-025,1,PROV-001,TechDistributor SA,Warehouse C,A2,97,30,67,0,5,18,35,0,13.0,74.99,7274.03,1,09/16/2025,10/17/2025,BATCH-202510-2646,10/24/2025 00:42,,True,765ba688-863c-4eaf-bce6-ce64767261d2
1ac9d346-0b14-49bd-9944-8cdd711de695,10/25/2025 00:00,PROD-009,Memoria RAM Corsair 16GB,RAM-COR-025,1,PROV-001,TechDistributor SA,Warehouse C,A2,94,6,88,3,23,32,45,0,11.0,74.99,7049.06,1,09/16/2025,10/11/2025,BATCH-202510-2646,10/25/2025 00:56,,True,d4eb7f1a-bd82-4e47-a8c8-d25decce49bf
4d844552-72e4-4523-903c-48e478913ae9,10/26/2025 00:00,PROD-009,Memoria RAM Corsair 16GB,RAM-COR-025,1,PROV-001,TechDistributor SA,Warehouse C,A2,94,15,79,0,26,34,73,0,9.17,74.99,7049.06,1,09/16/2025,09/26/2025,BATCH-202510-2646,10/26/2025 01:28,,True,d4eb7f1a-bd82-4e47-a8c8-d25decce49bf
fd4c65c1-0a70-4ee6-86ee-0d4f28962de7,10/27/2025 00:00,PROD-009,Memoria RAM Corsair 16GB,RAM-COR-025,1,PROV-001,TechDistributor SA,Warehouse C,A2,89,12,77,5,29,35,63,0,8.57,74.99,6674.11,1,09/16/2025,10/20/2025,BATCH-202510-2646,10/27/2025 01:19,,True,320aa693-fc3c-4ff1-a5cb-8ac46498035e
c1efe0c6-1f77-4901-a8d2-5006760d18fb,10/28/2025 00:00,PROD-009,Memoria RAM Corsair 16GB,RAM-COR-025,1,PROV-001,TechDistributor SA,Warehouse C,A2,89,18,71,0,28,42,80,0,8.57,74.99,6674.11,1,09/16/2025,10/21/2025,BATCH-202510-2646,10/28/2025 01:04,,True,5cb9a522-2424-4db0-bed8-9bbb6b3610eb
be4d9b89-33b5-49d5-9203-b3a258cda745,10/29/2025 00:00,PROD-009,Memoria RAM Corsair 16GB,RAM-COR-025,1,PROV-001,TechDistributor SA,Warehouse C,A2,85,11,74,4,6,25,62,0,8.71,74.99,6374.15,1,09/16/2025,10/15/2025,BATCH-202510-2646,10/29/2025 01:22,,True,3d80d4e8-e4c7-4ee1-a463-e5835549a8ea
099c0e3a-85b6-4c1f-8f49-0c71fc922513,10/30/2025 00:00,PROD-009,Memoria RAM Corsair 16GB,RAM-COR-025,1,PROV-001,TechDistributor SA,Warehouse C,A2,85,18,67,0,24,30,52,0,1.71,74.99,6374.15,1,09/16/2025,10/23/2025,BATCH-202510-2646,10/30/2025 01:56,,True,765ba688-863c-4eaf-bce6-ce64767261d2
d819d07c-8246-46a5-8638-cb5848598140,10/31/2025 00:00,PROD-009,Memoria RAM Corsair 16GB,RAM-COR-025,1,PROV-001,TechDistributor SA,Warehouse C,A2,85,9,76,0,28,44,59,0,1.71,74.99,6374.15,1,09/16/2025,10/01/2025,BATCH-202510-2646,10/31/2025 01:10,,True,320aa693-fc3c-4ff1-a5cb-8ac46498035e
9135a441-a90b-4d4b-be52-0ac2e6467d18,11/01/2025 00:00,PROD-009,Memoria RAM Corsair 16GB,RAM-COR-025,1,PROV-001,TechDistributor SA,Warehouse C,A2,85,22,63,0,20,29,50,0,1.29,74.99,6374.15,1,09/16/2025,10/18/2025,BATCH-202510-2646,11/01/2025 01:16,,True,765ba688-863c-4eaf-bce6-ce64767261d2
ea03a27e-96ab-4174-ac5a-f8875dad0f07,11/02/2025 00:00,PROD-009,Memoria RAM Corsair 16GB,RAM-COR-025,1,PROV-001,TechDistributor SA,Warehouse C,A2,85,9,76,0,14,21,56,0,1.29,74.99,6374.15,1,09/16/2025,10/03/2025,BATCH-202510-2646,11/02/2025 00:33,,True,3d80d4e8-e4c7-4ee1-a463-e5835549a8ea
96db5194-1571-4ebf-a65f-38c84c24bab2,10/20/2025 00:00,PROD-010,Router WiFi 6 TP-Link,ROU-TPL-030,1,PROV-002,ElectroSupply Corp,Warehouse C,A2,59,6,53,0,22,35,66,7,,129.99,7669.41,1,08/28/2025,10/13/2025,BATCH-202510-7086,10/20/2025 00:05,,True,3d80d4e8-e4c7-4ee1-a463-e5835549a8ea
ec69a11f-71df-4483-8590-54ba4287e050,10/21/2025 00:00,PROD-010,Router WiFi 6 TP-Link,ROU-TPL-030,1,PROV-002,ElectroSupply Corp,Warehouse C,A2,59,3,56,0,11,21,59,0,0.0,129.99,7669.41,1,08/28/2025,10/14/2025,BATCH-202510-7086,10/21/2025 01:27,,True,320aa693-fc3c-4ff1-a5cb-8ac46498035e
c0523d28-a80d-4ab0-94e3-7a84de7991a5,10/22/2025 00:00,PROD-010,Router WiFi 6 TP-Link,ROU-TPL-030,1,PROV-002,ElectroSupply Corp,Warehouse C,A2,57,14,43,2,23,31,43,0,1.0,129.99,7409.43,1,08/28/2025,09/22/2025,BATCH-202510-7086,10/22/2025 00:42,,True,765ba688-863c-4eaf-bce6-ce64767261d2
33740051-b805-4623-8a56-fa56b3f06925,10/23/2025 00:00,PROD-010,Router WiFi 6 TP-Link,ROU-TPL-030,1,PROV-002,ElectroSupply Corp,Warehouse C,A2,52,2,50,5,11,16,25,0,2.33,129.99,6759.48,1,08/28/2025,10/16/2025,BATCH-202510-7086,10/23/2025 01:22,,True,765ba688-863c-4eaf-bce6-ce64767261d2
16cb13f3-4288-417c-8929-768fbe34dbe2,10/24/2025 00:00,PROD-010,Router WiFi 6 TP-Link,ROU-TPL-030,1,PROV-002,ElectroSupply Corp,Warehouse C,A2,52,6,46,0,12,21,56,4,1.75,129.99,6759.48,1,08/28/2025,10/10/2025,BATCH-202510-7086,10/24/2025 01:24,,True,320aa693-fc3c-4ff1-a5cb-8ac46498035e
459de6be-e8ce-4464-abef-25b1f77e26a0,10/25/2025 00:00,PROD-010,Router WiFi 6 TP-Link,ROU-TPL-030,1,PROV-002,ElectroSupply Corp,Warehouse C,A2,51,0,51,1,15,20,53,2,1.6,129.99,6629.49,1,08/28/2025,10/18/2025,BATCH-202510-7086,10/25/2025 00:39,,True,320aa693-fc3c-4ff1-a5cb-8ac46498035e
f24b6ee4-6c7f-4c5d-ae01-fd3df9810047,10/26/2025 00:00,PROD-010,Router WiFi 6 TP-Link,ROU-TPL-030,1,PROV-002,ElectroSupply Corp,Warehouse C,A2,50,1,49,1,29,45,73,23,1.5,129.99,6499.5,1,08/28/2025,10/19/2025,BATCH-202510-7086,10/26/2025 01:54,,True,320aa693-fc3c-4ff1-a5cb-8ac46498035e
abb71b58-d2c9-49b3-b36f-6f1d3a954a3a,10/27/2025 00:00,PROD-010,Router WiFi 6 TP-Link,ROU-TPL-030,1,PROV-002,ElectroSupply Corp,Warehouse C,A2,50,10,40,0,9,21,58,8,1.29,129.99,6499.5,1,08/28/2025,10/13/2025,BATCH-202510-7086,10/27/2025 01:26,,True,765ba688-863c-4eaf-bce6-ce64767261d2
fca41d8c-c790-45ae-b4b4-117bfbb1c789,10/28/2025 00:00,PROD-010,Router WiFi 6 TP-Link,ROU-TPL-030,1,PROV-002,ElectroSupply Corp,Warehouse C,A2,50,7,43,0,30,45,56,6,1.29,129.99,6499.5,1,08/28/2025,09/28/2025,BATCH-202510-7086,10/28/2025 00:54,,True,320aa693-fc3c-4ff1-a5cb-8ac46498035e
34d2f265-2223-4e2b-a685-4bb0af4dab31,10/29/2025 00:00,PROD-010,Router WiFi 6 TP-Link,ROU-TPL-030,1,PROV-002,ElectroSupply Corp,Warehouse C,A2,50,4,46,0,24,29,62,12,1.0,129.99,6499.5,1,08/28/2025,10/15/2025,BATCH-202510-7086,10/29/2025 01:24,,True,320aa693-fc3c-4ff1-a5cb-8ac46498035e
856c2867-7e54-4dd6-bb3c-9e3decf8b980,10/30/2025 00:00,PROD-010,Router WiFi 6 TP-Link,ROU-TPL-030,1,PROV-002,ElectroSupply Corp,Warehouse C,A2,50,6,44,0,5,15,52,2,0.29,129.99,6499.5,1,08/28/2025,10/16/2025,BATCH-202510-7086,10/30/2025 00:36,,True,765ba688-863c-4eaf-bce6-ce64767261d2
fa367015-f38b-4509-959a-bc930c646475,10/31/2025 00:00,PROD-010,Router WiFi 6 TP-Link,ROU-TPL-030,1,PROV-002,ElectroSupply Corp,Warehouse C,A2,49,2,47,1,13,26,45,0,0.43,129.99,6369.51,1,08/28/2025,10/17/2025,BATCH-202510-7086,10/31/2025 00:57,,True,765ba688-863c-4eaf-bce6-ce64767261d2
d19182dd-e7b2-49f9-9c98-798a079a4d75,11/01/2025 00:00,PROD-010,Router WiFi 6 TP-Link,ROU-TPL-030,1,PROV-002,ElectroSupply Corp,Warehouse C,A2,176,53,123,0,9,15,22,0,18.43,129.99,22878.24,1,08/28/2025,10/02/2025,BATCH-202511-7018,11/01/2025 01:56,Reabastecimiento urgente,True,3d80d4e8-e4c7-4ee1-a463-e5835549a8ea
729624c2-a70a-48ae-bda7-3a38cd5316e7,11/02/2025 00:00,PROD-010,Router WiFi 6 TP-Link,ROU-TPL-030,1,PROV-002,ElectroSupply Corp,Warehouse C,A2,171,48,123,5,9,18,56,0,19.0,129.99,22228.29,1,08/28/2025,10/19/2025,BATCH-202511-7018,11/02/2025 00:36,,True,5cb9a522-2424-4db0-bed8-9bbb6b3610eb
f2c923c0-e60e-4428-98eb-ea6512956067,10/20/2025 00:00,PROD-011,Impresora HP LaserJet Pro,IMP-HP-035,2,PROV-003,GlobalTech Imports,Warehouse A,A2,12,1,11,0,5,12,20,8,,299.99,3599.88,1,09/03/2025,10/13/2025,BATCH-202510-9692,10/20/2025 00:05,,True,765ba688-863c-4eaf-bce6-ce64767261d2
e58ee284-6e84-48fa-86a0-2c77641a1f41,10/21/2025 00:00,PROD-011,Impresora HP LaserJet Pro,IMP-HP-035,2,PROV-003,GlobalTech Imports,Warehouse A,A2,12,1,11,0,10,19,33,21,0.0,299.99,3599.88,4,09/03/2025,10/07/2025,BATCH-202510-9692,10/21/2025 00:59,,True,3d80d4e8-e4c7-4ee1-a463-e5835549a8ea
8c7c415d-e464-4a02-b7d6-3178535000ef,10/22/2025 00:00,PROD-011,Impresora HP LaserJet Pro,IMP-HP-035,2,PROV-003,GlobalTech Imports,Warehouse A,A2,12,3,9,0,13,18,33,21,0.0,299.99,3599.88,3,09/03/2025,09/22/2025,BATCH-202510-9692,10/22/2025 00:15,,True,320aa693-fc3c-4ff1-a5cb-8ac46498035e
00d5828e-f947-497d-be4d-8552f1961f0a,10/23/2025 00:00,PROD-011,Impresora HP LaserJet Pro,IMP-HP-035,2,PROV-003,GlobalTech Imports,Warehouse A,A2,12,1,11,0,27,34,42,30,0.0,299.99,3599.88,3,09/03/2025,09/23/2025,BATCH-202510-9692,10/23/2025 01:33,,True,765ba688-863c-4eaf-bce6-ce64767261d2
5a08c681-9aa9-4946-bf12-de88f002801e,10/24/2025 00:00,PROD-011,Impresora HP LaserJet Pro,IMP-HP-035,2,PROV-003,GlobalTech Imports,Warehouse A,A2,12,0,12,0,29,40,50,38,0.0,299.99,3599.88,3,09/03/2025,10/17/2025,BATCH-202510-9692,10/24/2025 00:53,,True,3d80d4e8-e4c7-4ee1-a463-e5835549a8ea
fbcd3f41-93bc-4bf8-a640-c12cc28fa661,10/25/2025 00:00,PROD-011,Impresora HP LaserJet Pro,IMP-HP-035,2,PROV-003,GlobalTech Imports,Warehouse A,A2,12,2,10,0,14,31,53,41,0.0,299.99,3599.88,3,09/03/2025,10/11/2025,BATCH-202510-9692,10/25/2025 01:34,,True,5cb9a522-2424-4db0-bed8-9bbb6b3610eb
74079a14-acf6-47f7-aa1b-31afcf5a8925,10/26/2025 00:00,PROD-011,Impresora HP LaserJet Pro,IMP-HP-035,2,PROV-003,GlobalTech Imports,Warehouse A,A2,12,4,8,0,15,33,66,54,0.0,299.99,3599.88,3,09/03/2025,09/26/2025,BATCH-202510-9692,10/26/2025 00:33,,True,320aa693-fc3c-4ff1-a5cb-8ac46498035e
16bbe4a4-6fe3-4615-888e-2f5feaf8cb4d,10/27/2025 00:00,PROD-011,Impresora HP LaserJet Pro,IMP-HP-035,2,PROV-003,GlobalTech Imports,Warehouse A,A2,12,2,10,0,16,35,67,55,0.0,299.99,3599.88,3,09/03/2025,10/13/2025,BATCH-202510-9692,10/27/2025 00:09,,True,5cb9a522-2424-4db0-bed8-9bbb6b3610eb
68c07188-39e5-4265-b348-48bdb71041dd,10/28/2025 00:00,PROD-011,Impresora HP LaserJet Pro,IMP-HP-035,2,PROV-003,GlobalTech Imports,Warehouse A,A2,11,0,11,1,5,20,56,45,0.14,299.99,3299.89,4,09/03/2025,10/14/2025,BATCH-202510-9692,10/28/2025 00:13,,True,3d80d4e8-e4c7-4ee1-a463-e5835549a8ea
bef69567-25ee-4c22-af5e-3f112f4b7887,10/29/2025 00:00,PROD-011,Impresora HP LaserJet Pro,IMP-HP-035,2,PROV-003,GlobalTech Imports,Warehouse A,A2,11,2,9,0,10,20,53,42,0.14,299.99,3299.89,4,09/03/2025,10/22/2025,BATCH-202510-9692,10/29/2025 01:12,,True,765ba688-863c-4eaf-bce6-ce64767261d2
50dbca7f-30b5-4a32-be55-53dd578b2dc0,10/30/2025 00:00,PROD-011,Impresora HP LaserJet Pro,IMP-HP-035,2,PROV-003,GlobalTech Imports,Warehouse A,A2,11,1,10,0,9,25,56,45,0.14,299.99,3299.89,4,09/03/2025,09/30/2025,BATCH-202510-9692,10/30/2025 00:43,,True,d4eb7f1a-bd82-4e47-a8c8-d25decce49bf
9852b0ce-6e9c-42ba-917d-b30c467b58c7,10/31/2025 00:00,PROD-011,Impresora HP LaserJet Pro,IMP-HP-035,2,PROV-003,GlobalTech Imports,Warehouse A,A2,11,3,8,0,23,37,59,48,0.14,299.99,3299.89,3,09/03/2025,10/01/2025,BATCH-202510-9692,10/31/2025 01:37,,True,320aa693-fc3c-4ff1-a5cb-8ac46498035e
fbe7fbcc-14d7-4ea9-8c16-65f180e55054,11/01/2025 00:00,PROD-011,Impresora HP LaserJet Pro,IMP-HP-035,2,PROV-003,GlobalTech Imports,Warehouse A,A2,11,0,11,0,26,41,59,48,0.14,299.99,3299.89,3,09/03/2025,10/25/2025,BATCH-202510-9692,11/01/2025 00:37,,True,5cb9a522-2424-4db0-bed8-9bbb6b3610eb
4923ef1e-85c6-47c0-ae17-ac9c8f052782,11/02/2025 00:00,PROD-011,Impresora HP LaserJet Pro,IMP-HP-035,2,PROV-003,GlobalTech Imports,Warehouse A,A2,11,2,9,0,17,24,61,50,0.14,299.99,3299.89,3,09/03/2025,10/03/2025,BATCH-202510-9692,11/02/2025 01:05,,True,765ba688-863c-4eaf-bce6-ce64767261d2
f79a4bb0-e7d0-450a-b954-cf82e61569be,10/20/2025 00:00,PROD-012,Tablet Samsung Galaxy Tab S8,TAB-SAM-040,2,PROV-004,CompuWholesale Ltd,Warehouse A,B2,14,2,12,0,19,28,36,22,,549.99,7699.86,3,08/23/2025,10/13/2025,BATCH-202510-1126,10/20/2025 00:05,,True,5cb9a522-2424-4db0-bed8-9bbb6b3610eb
faa8f981-e4e0-4803-a2f9-d995e333f06c,10/21/2025 00:00,PROD-012,Tablet Samsung Galaxy Tab S8,TAB-SAM-040,2,PROV-004,CompuWholesale Ltd,Warehouse A,B2,14,2,12,0,29,48,76,62,0.0,549.99,7699.86,3,08/23/2025,10/07/2025,BATCH-202510-1126,10/21/2025 01:36,,True,d4eb7f1a-bd82-4e47-a8c8-d25decce49bf
51761437-43a1-4277-82df-b8212601d771,10/22/2025 00:00,PROD-012,Tablet Samsung Galaxy Tab S8,TAB-SAM-040,2,PROV-004,CompuWholesale Ltd,Warehouse A,B2,14,1,13,0,23,30,53,39,0.0,549.99,7699.86,3,08/23/2025,09/22/2025,BATCH-202510-1126,10/22/2025 01:31,,True,765ba688-863c-4eaf-bce6-ce64767261d2
18a05fd1-e688-416a-9756-0a9629262881,10/23/2025 00:00,PROD-012,Tablet Samsung Galaxy Tab S8,TAB-SAM-040,2,PROV-004,CompuWholesale Ltd,Warehouse A,B2,14,1,13,0,29,49,58,44,0.0,549.99,7699.86,3,08/23/2025,09/23/2025,BATCH-202510-1126,10/23/2025 01:44,,True,320aa693-fc3c-4ff1-a5cb-8ac46498035e
66ce6132-c822-47b8-b4f8-a5939028999d,10/24/2025 00:00,PROD-012,Tablet Samsung Galaxy Tab S8,TAB-SAM-040,2,PROV-004,CompuWholesale Ltd,Warehouse A,B2,14,0,14,0,23,42,52,38,0.0,549.99,7699.86,3,08/23/2025,09/24/2025,BATCH-202510-1126,10/24/2025 00:06,,True,765ba688-863c-4eaf-bce6-ce64767261d2
2a708b57-e83e-46cd-b21f-e33e5f3e85be,10/25/2025 00:00,PROD-012,Tablet Samsung Galaxy Tab S8,TAB-SAM-040,2,PROV-004,CompuWholesale Ltd,Warehouse A,B2,14,1,13,0,19,33,70,56,0.0,549.99,7699.86,3,08/23/2025,10/18/2025,BATCH-202510-1126,10/25/2025 01:51,,True,3d80d4e8-e4c7-4ee1-a463-e5835549a8ea
c599da77-945f-446f-aaf2-3f8b72ba0c11,10/26/2025 00:00,PROD-012,Tablet Samsung Galaxy Tab S8,TAB-SAM-040,2,PROV-004,CompuWholesale Ltd,Warehouse A,B2,14,2,12,0,26,39,68,54,0.0,549.99,7699.86,3,08/23/2025,10/12/2025,BATCH-202510-1126,10/26/2025 01:31,,True,765ba688-863c-4eaf-bce6-ce64767261d2
72594fb9-6992-4830-a712-d48c67d55fc8,10/27/2025 00:00,PROD-012,Tablet Samsung Galaxy Tab S8,TAB-SAM-040,2,PROV-004,CompuWholesale Ltd,Warehouse A,B2,14,1,13,0,23,29,63,49,0.0,549.99,7699.86,3,08/23/2025,10/13/2025,BATCH-202510-1126,10/27/2025 00:03,,True,5cb9a522-2424-4db0-bed8-9bbb6b3610eb
46d1ee33-9308-4291-9cb7-05dd2fa50bca,10/28/2025 00:00,PROD-012,Tablet Samsung Galaxy Tab S8,TAB-SAM-040,2,PROV-004,CompuWholesale Ltd,Warehouse A,B2,14,1,13,0,25,41,81,67,0.0,549.99,7699.86,3,08/23/2025,09/28/2025,BATCH-202510-1126,10/28/2025 00:59,,True,d4eb7f1a-bd82-4e47-a8c8-d25decce49bf
faf88978-d03a-4e5b-b60a-8fc5f996dfc9,10/29/2025 00:00,PROD-012,Tablet Samsung Galaxy Tab S8,TAB-SAM-040,2,PROV-004,CompuWholesale Ltd,Warehouse A,B2,14,4,10,0,25,32,39,25,0.0,549.99,7699.86,3,08/23/2025,10/22/2025,BATCH-202510-1126,10/29/2025 00:56,,True,765ba688-863c-4eaf-bce6-ce64767261d2
94a63549-fa10-454b-b094-796de5c69217,10/30/2025 00:00,PROD-012,Tablet Samsung Galaxy Tab S8,TAB-SAM-040,2,PROV-004,CompuWholesale Ltd,Warehouse A,B2,14,1,13,0,24,38,71,57,0.0,549.99,7699.86,3,08/23/2025,09/30/2025,BATCH-202510-1126,10/30/2025 00:52,,True,d4eb7f1a-bd82-4e47-a8c8-d25decce49bf
e1aff258-b0a6-4370-86cd-732625c10365,10/31/2025 00:00,PROD-012,Tablet Samsung Galaxy Tab S8,TAB-SAM-040,2,PROV-004,CompuWholesale Ltd,Warehouse A,B2,14,0,14,0,15,34,51,37,0.0,549.99,7699.86,3,08/23/2025,10/17/2025,BATCH-202510-1126,10/31/2025 01:36,,True,320aa693-fc3c-4ff1-a5cb-8ac46498035e
2f153af5-7ff9-45fa-9230-77a9587a3905,11/01/2025 00:00,PROD-012,Tablet Samsung Galaxy Tab S8,TAB-SAM-040,2,PROV-004,CompuWholesale Ltd,Warehouse A,B2,14,1,13,0,25,44,69,55,0.0,549.99,7699.86,3,08/23/2025,10/25/2025,BATCH-202510-1126,11/01/2025 00:10,,True,320aa693-fc3c-4ff1-a5cb-8ac46498035e
1afa278d-4799-4524-b53e-a229ababb8e3,11/02/2025 00:00,PROD-012,Tablet Samsung Galaxy Tab S8,TAB-SAM-040,2,PROV-004,CompuWholesale Ltd,Warehouse A,B2,13,3,10,1,15,21,56,43,0.14,549.99,7149.87,3,08/23/2025,10/03/2025,BATCH-202510-1126,11/02/2025 00:25,,True,5cb9a522-2424-4db0-bed8-9bbb6b3610eb
d2474a60-c670-4739-baa9-b258c8358ed5,10/20/2025 00:00,PROD-013,Cámara Web Razer Kiyo,CAM-RAZ-045,0,PROV-001,TechDistributor SA,Warehouse C,B1,286,12,274,0,27,41,58,0,,99.99,28597.14,1,09/16/2025,10/13/2025,BATCH-202510-1857,10/20/2025 00:05,,True,320aa693-fc3c-4ff1-a5cb-8ac46498035e
705ad230-029b-49b8-b297-540065fef3a7,10/21/2025 00:00,PROD-013,Cámara Web Razer Kiyo,CAM-RAZ-045,0,PROV-001,TechDistributor SA,Warehouse C,B1,280,64,216,6,29,48,61,0,6.0,99.99,27997.2,1,09/16/2025,09/21/2025,BATCH-202510-1857,10/21/2025 01:23,,True,5cb9a522-2424-4db0-bed8-9bbb6b3610eb
3e5784c9-5590-4e7c-9e30-4bad4a6dbf8e,10/22/2025 00:00,PROD-013,Cámara Web Razer Kiyo,CAM-RAZ-045,0,PROV-001,TechDistributor SA,Warehouse C,B1,279,69,210,1,24,36,57,0,3.5,99.99,27897.21,1,09/16/2025,09/22/2025,BATCH-202510-1857,10/22/2025 01:27,,True,d4eb7f1a-bd82-4e47-a8c8-d25decce49bf
5d02147e-b0ef-425c-911c-9d59b37b0a79,10/23/2025 00:00,PROD-013,Cámara Web Razer Kiyo,CAM-RAZ-045,0,PROV-001,TechDistributor SA,Warehouse C,B1,275,67,208,4,30,42,50,0,3.67,99.99,27497.25,1,09/16/2025,09/23/2025,BATCH-202510-1857,10/23/2025 01:57,,True,320aa693-fc3c-4ff1-a5cb-8ac46498035e
f2e1bcc9-b2c1-419a-ac6d-ad3225f249c2,10/24/2025 00:00,PROD-013,Cámara Web Razer Kiyo,CAM-RAZ-045,0,PROV-001,TechDistributor SA,Warehouse C,B1,275,4,271,0,10,24,59,0,2.75,99.99,27497.25,1,09/16/2025,10/17/2025,BATCH-202510-1857,10/24/2025 01:15,,True,765ba688-863c-4eaf-bce6-ce64767261d2
59d0ad0d-1777-4edb-a3f0-7072f52ff15c,10/25/2025 00:00,PROD-013,Cámara Web Razer Kiyo,CAM-RAZ-045,0,PROV-001,TechDistributor SA,Warehouse C,B1,275,84,191,0,28,48,76,0,2.2,99.99,27497.25,1,09/16/2025,10/11/2025,BATCH-202510-1857,10/25/2025 01:24,,True,d4eb7f1a-bd82-4e47-a8c8-d25decce49bf
8d50cb5a-06f3-4c34-b24b-6b45c4851534,10/26/2025 00:00,PROD-013,Cámara Web Razer Kiyo,CAM-RAZ-045,0,PROV-001,TechDistributor SA,Warehouse C,B1,263,43,220,12,19,30,70,0,3.83,99.99,26297.37,1,09/16/2025,09/26/2025,BATCH-202510-1857,10/26/2025 01:31,,True,320aa693-fc3c-4ff1-a5cb-8ac46498035e
76906421-a9d3-42dd-ae7d-cf39e49523df,10/27/2025 00:00,PROD-013,Cámara Web Razer Kiyo,CAM-RAZ-045,0,PROV-001,TechDistributor SA,Warehouse C,B1,256,79,177,7,6,22,33,0,4.29,99.99,25597.44,1,09/16/2025,10/13/2025,BATCH-202510-1857,10/27/2025 01:23,,True,3d80d4e8-e4c7-4ee1-a463-e5835549a8ea
6e683e91-f90e-4fe1-bfdd-4f1a96b4f5af,10/28/2025 00:00,PROD-013,Cámara Web Razer Kiyo,CAM-RAZ-045,0,PROV-001,TechDistributor SA,Warehouse C,B1,254,16,238,2,18,37,75,0,3.71,99.99,25397.46,1,09/16/2025,09/28/2025,BATCH-202510-1857,10/28/2025 01:30,,True,765ba688-863c-4eaf-bce6-ce64767261d2
8b7a2763-3305-4570-997a-561df739c7b2,10/29/2025 00:00,PROD-013,Cámara Web Razer Kiyo,CAM-RAZ-045,0,PROV-001,TechDistributor SA,Warehouse C,B1,251,76,175,3,16,35,47,0,4.0,99.99,25097.49,1,09/16/2025,09/29/2025,BATCH-202510-1857,10/29/2025 01:57,,True,320aa693-fc3c-4ff1-a5cb-8ac46498035e
d183dd85-b96f-4fad-bbc7-ea5ffc0f441e,10/30/2025 00:00,PROD-013,Cámara Web Razer Kiyo,CAM-RAZ-045,0,PROV-001,TechDistributor SA,Warehouse C,B1,247,48,199,4,26,40,63,0,4.0,99.99,24697.53,1,09/16/2025,10/16/2025,BATCH-202510-1857,10/30/2025 01:06,,True,765ba688-863c-4eaf-bce6-ce64767261d2
e92a1399-f12e-4147-8307-c42bac1fdf01,10/31/2025 00:00,PROD-013,Cámara Web Razer Kiyo,CAM-RAZ-045,0,PROV-001,TechDistributor SA,Warehouse C,B1,246,19,227,1,28,45,55,0,4.14,99.99,24597.54,1,09/16/2025,10/24/2025,BATCH-202510-1857,10/31/2025 00:28,,True,320aa693-fc3c-4ff1-a5cb-8ac46498035e
7dd468e1-bfd9-4116-b885-b95b9ac2bcf6,11/01/2025 00:00,PROD-013,Cámara Web Razer Kiyo,CAM-RAZ-045,0,PROV-001,TechDistributor SA,Warehouse C,B1,245,20,225,1,12,30,45,0,4.29,99.99,24497.55,1,09/16/2025,10/25/2025,BATCH-202510-1857,11/01/2025 00:29,,True,5cb9a522-2424-4db0-bed8-9bbb6b3610eb
76aee666-2715-4a34-95e3-8730febbca3f,11/02/2025 00:00,PROD-013,Cámara Web Razer Kiyo,CAM-RAZ-045,0,PROV-001,TechDistributor SA,Warehouse C,B1,242,23,219,3,19,29,51,0,3.0,99.99,24197.58,1,09/16/2025,10/19/2025,BATCH-202510-1857,11/02/2025 01:49,,True,3d80d4e8-e4c7-4ee1-a463-e5835549a8ea
c88020fd-ceda-469c-a8a1-bd8df4f93a9a,10/20/2025 00:00,PROD-014,Micrófono Blue Yeti,MIC-BLU-050,1,PROV-002,ElectroSupply Corp,Warehouse A,D1,35,6,29,0,28,38,62,27,,129.99,4549.65,4,09/20/2025,10/13/2025,BATCH-202510-3392,10/20/2025 00:05,,True,3d80d4e8-e4c7-4ee1-a463-e5835549a8ea
6403b7be-902d-4d68-8be2-42e155826e6b,10/21/2025 00:00,PROD-014,Micrófono Blue Yeti,MIC-BLU-050,1,PROV-002,ElectroSupply Corp,Warehouse A,D1,35,7,28,0,26,45,82,47,0.0,129.99,4549.65,4,09/20/2025,10/14/2025,BATCH-202510-3392,10/21/2025 00:05,,True,320aa693-fc3c-4ff1-a5cb-8ac46498035e
5ec5a8cb-769f-4500-ba37-4c401e8e8219,10/22/2025 00:00,PROD-014,Micrófono Blue Yeti,MIC-BLU-050,1,PROV-002,ElectroSupply Corp,Warehouse A,D1,35,0,35,0,25,45,75,40,0.0,129.99,4549.65,4,09/20/2025,10/15/2025,BATCH-202510-3392,10/22/2025 01:38,,True,320aa693-fc3c-4ff1-a5cb-8ac46498035e
90ae8686-ac09-42c5-9ba7-5d0178a64550,10/23/2025 00:00,PROD-014,Micrófono Blue Yeti,MIC-BLU-050,1,PROV-002,ElectroSupply Corp,Warehouse A,D1,85,20,65,0,8,18,57,0,16.67,129.99,11049.15,1,09/20/2025,10/09/2025,BATCH-202510-1311,10/23/2025 00:28,Reabastecimiento urgente,True,320aa693-fc3c-4ff1-a5cb-8ac46498035e
de0c9453-83db-40be-bd83-ea2df6f3e9b0,10/24/2025 00:00,PROD-014,Micrófono Blue Yeti,MIC-BLU-050,1,PROV-002,ElectroSupply Corp,Warehouse A,D1,85,12,73,0,29,38,73,0,12.5,129.99,11049.15,1,09/20/2025,09/24/2025,BATCH-202510-1311,10/24/2025 01:18,,True,320aa693-fc3c-4ff1-a5cb-8ac46498035e
8096cec9-c865-4f13-b912-fa54d694051b,10/25/2025 00:00,PROD-014,Micrófono Blue Yeti,MIC-BLU-050,1,PROV-002,ElectroSupply Corp,Warehouse A,D1,80,11,69,5,23,30,51,0,11.0,129.99,10399.2,1,09/20/2025,10/11/2025,BATCH-202510-1311,10/25/2025 00:31,,True,3d80d4e8-e4c7-4ee1-a463-e5835549a8ea
33330547-9ffd-483f-b59d-a4307c27af1b,10/26/2025 00:00,PROD-014,Micrófono Blue Yeti,MIC-BLU-050,1,PROV-002,ElectroSupply Corp,Warehouse A,D1,79,8,71,1,28,47,54,0,9.33,129.99,10269.21,1,09/20/2025,10/12/2025,BATCH-202510-1311,10/26/2025 01:22,,True,d4eb7f1a-bd82-4e47-a8c8-d25decce49bf
4c272f64-ab32-4005-85d0-2f802ed3e2de,10/27/2025 00:00,PROD-014,Micrófono Blue Yeti,MIC-BLU-050,1,PROV-002,ElectroSupply Corp,Warehouse A,D1,79,23,56,0,29,35,52,0,8.0,129.99,10269.21,1,09/20/2025,10/20/2025,BATCH-202510-1311,10/27/2025 01:48,,True,320aa693-fc3c-4ff1-a5cb-8ac46498035e
1cab2337-93ec-4405-8361-8ce270ba5a11,10/28/2025 00:00,PROD-014,Micrófono Blue Yeti,MIC-BLU-050,1,PROV-002,ElectroSupply Corp,Warehouse A,D1,79,0,79,0,15,29,52,0,8.0,129.99,10269.21,1,09/20/2025,10/21/2025,BATCH-202510-1311,10/28/2025 01:21,,True,320aa693-fc3c-4ff1-a5cb-8ac46498035e
84e4f8c6-69ff-419d-8076-2fc657c6c215,10/29/2025 00:00,PROD-014,Micrófono Blue Yeti,MIC-BLU-050,1,PROV-002,ElectroSupply Corp,Warehouse A,D1,76,11,65,3,9,20,47,0,8.43,129.99,9879.24,1,09/20/2025,10/22/2025,BATCH-202510-1311,10/29/2025 00:38,,True,3d80d4e8-e4c7-4ee1-a463-e5835549a8ea
22c6a320-5429-4d29-ac40-0a87d07fecf6,10/30/2025 00:00,PROD-014,Micrófono Blue Yeti,MIC-BLU-050,1,PROV-002,ElectroSupply Corp,Warehouse A,D1,76,25,51,0,6,12,20,0,1.29,129.99,9879.24,1,09/20/2025,10/23/2025,BATCH-202510-1311,10/30/2025 01:14,,True,5cb9a522-2424-4db0-bed8-9bbb6b3610eb
dfb99017-222e-4dbc-97c5-93d199f490cd,10/31/2025 00:00,PROD-014,Micrófono Blue Yeti,MIC-BLU-050,1,PROV-002,ElectroSupply Corp,Warehouse A,D1,76,2,74,0,16,27,53,0,1.29,129.99,9879.24,1,09/20/2025,10/24/2025,BATCH-202510-1311,10/31/2025 01:08,,True,3d80d4e8-e4c7-4ee1-a463-e5835549a8ea
885c43f0-aaec-45bf-b8a2-0efbd14639da,11/01/2025 00:00,PROD-014,Micrófono Blue Yeti,MIC-BLU-050,1,PROV-002,ElectroSupply Corp,Warehouse A,D1,73,11,62,3,22,28,50,0,1.0,129.99,9489.27,1,09/20/2025,10/02/2025,BATCH-202510-1311,11/01/2025 01:10,,True,765ba688-863c-4eaf-bce6-ce64767261d2
491d2a48-9ca0-4266-b72a-0f52d9107af7,11/02/2025 00:00,PROD-014,Micrófono Blue Yeti,MIC-BLU-050,1,PROV-002,ElectroSupply Corp,Warehouse A,D1,73,7,66,0,15,30,42,0,0.86,129.99,9489.27,1,09/20/2025,10/03/2025,BATCH-202510-1311,11/02/2025 00:03,,True,320aa693-fc3c-4ff1-a5cb-8ac46498035e
79be169c-bc83-41b7-8a26-ef541776c581,10/20/2025 00:00,PROD-015,Switch de Red Cisco 8 Puertos,SWI-CIS-055,1,PROV-003,GlobalTech Imports,Warehouse A,D1,68,16,52,0,7,21,55,0,,189.99,12919.32,1,09/20/2025,10/13/2025,BATCH-202510-5843,10/20/2025 00:05,,True,765ba688-863c-4eaf-bce6-ce64767261d2
a41e2e37-fd84-4eef-ab88-9b86d2e3d012,10/21/2025 00:00,PROD-015,Switch de Red Cisco 8 Puertos,SWI-CIS-055,1,PROV-003,GlobalTech Imports,Warehouse A,D1,68,12,56,0,19,33,73,5,0.0,189.99,12919.32,1,09/20/2025,10/07/2025,BATCH-202510-5843,10/21/2025 00:58,,True,320aa693-fc3c-4ff1-a5cb-8ac46498035e
462d25c1-9277-483d-8e3d-c90ed5c5a45b,10/22/2025 00:00,PROD-015,Switch de Red Cisco 8 Puertos,SWI-CIS-055,1,PROV-003,GlobalTech Imports,Warehouse A,D1,68,17,51,0,10,20,33,0,0.0,189.99,12919.32,1,09/20/2025,09/22/2025,BATCH-202510-5843,10/22/2025 00:57,,True,320aa693-fc3c-4ff1-a5cb-8ac46498035e
a2ff10d8-452e-477c-a29a-6c911c4a3aa4,10/23/2025 00:00,PROD-015,Switch de Red Cisco 8 Puertos,SWI-CIS-055,1,PROV-003,GlobalTech Imports,Warehouse A,D1,64,3,61,4,27,37,47,0,1.33,189.99,12159.36,1,09/20/2025,10/09/2025,BATCH-202510-5843,10/23/2025 01:19,,True,5cb9a522-2424-4db0-bed8-9bbb6b3610eb
da30f330-40f0-4f3f-976f-e65f318875f9,10/24/2025 00:00,PROD-015,Switch de Red Cisco 8 Puertos,SWI-CIS-055,1,PROV-003,GlobalTech Imports,Warehouse A,D1,64,8,56,0,19,35,44,0,1.0,189.99,12159.36,1,09/20/2025,10/17/2025,BATCH-202510-5843,10/24/2025 00:10,,True,3d80d4e8-e4c7-4ee1-a463-e5835549a8ea
bdbf8b85-76fe-41ae-9514-8a9d072ee38a,10/25/2025 00:00,PROD-015,Switch de Red Cisco 8 Puertos,SWI-CIS-055,1,PROV-003,GlobalTech Imports,Warehouse A,D1,64,8,56,0,7,19,43,0,0.8,189.99,12159.36,1,09/20/2025,09/25/2025,BATCH-202510-5843,10/25/2025 01:43,,True,d4eb7f1a-bd82-4e47-a8c8-d25decce49bf
92fbbf69-1545-47d4-90b5-36eda3c894db,10/26/2025 00:00,PROD-015,Switch de Red Cisco 8 Puertos,SWI-CIS-055,1,PROV-003,GlobalTech Imports,Warehouse A,D1,64,14,50,0,30,38,68,4,0.67,189.99,12159.36,1,09/20/2025,10/19/2025,BATCH-202510-5843,10/26/2025 00:19,,True,5cb9a522-2424-4db0-bed8-9bbb6b3610eb
7277a229-de44-4d27-b95c-c2539e21792c,10/27/2025 00:00,PROD-015,Switch de Red Cisco 8 Puertos,SWI-CIS-055,1,PROV-003,GlobalTech Imports,Warehouse A,D1,64,6,58,0,26,37,72,8,0.57,189.99,12159.36,1,09/20/2025,10/13/2025,BATCH-202510-5843,10/27/2025 00:05,,True,5cb9a522-2424-4db0-bed8-9bbb6b3610eb
64250d2b-c24c-470a-b1a0-17ac2bae2d86,10/28/2025 00:00,PROD-015,Switch de Red Cisco 8 Puertos,SWI-CIS-055,1,PROV-003,GlobalTech Imports,Warehouse A,D1,62,19,43,2,15,24,62,0,0.86,189.99,11779.38,1,09/20/2025,09/28/2025,BATCH-202510-5843,10/28/2025 00:47,,True,d4eb7f1a-bd82-4e47-a8c8-d25decce49bf
5ce5db84-9775-4a13-9e0c-b3d81914bd42,10/29/2025 00:00,PROD-015,Switch de Red Cisco 8 Puertos,SWI-CIS-055,1,PROV-003,GlobalTech Imports,Warehouse A,D1,62,9,53,0,26,38,69,7,0.86,189.99,11779.38,1,09/20/2025,10/22/2025,BATCH-202510-5843,10/29/2025 01:18,,True,d4eb7f1a-bd82-4e47-a8c8-d25decce49bf
8efa584c-261d-4a44-b0b7-ae422af20ea5,10/30/2025 00:00,PROD-015,Switch de Red Cisco 8 Puertos,SWI-CIS-055,1,PROV-003,GlobalTech Imports,Warehouse A,D1,62,15,47,0,16,36,67,5,0.29,189.99,11779.38,1,09/20/2025,10/16/2025,BATCH-202510-5843,10/30/2025 00:48,,True,320aa693-fc3c-4ff1-a5cb-8ac46498035e
7f15aea4-ce37-46a1-a512-9fed8cddcc4c,10/31/2025 00:00,PROD-015,Switch de Red Cisco 8 Puertos,SWI-CIS-055,1,PROV-003,GlobalTech Imports,Warehouse A,D1,62,6,56,0,27,32,41,0,0.29,189.99,11779.38,1,09/20/2025,10/24/2025,BATCH-202510-5843,10/31/2025 01:08,,True,5cb9a522-2424-4db0-bed8-9bbb6b3610eb
bc7ccf2d-5344-412c-99f8-3112118c1a9b,11/01/2025 00:00,PROD-015,Switch de Red Cisco 8 Puertos,SWI-CIS-055,1,PROV-003,GlobalTech Imports,Warehouse A,D1,62,3,59,0,7,23,36,0,0.29,189.99,11779.38,1,09/20/2025,10/18/2025,BATCH-202510-5843,11/01/2025 00:32,,True,765ba688-863c-4eaf-bce6-ce64767261d2
be781eb9-2936-4046-9ba0-55f9d7a4e054,11/02/2025 00:00,PROD-015,Switch de Red Cisco 8 Puertos,SWI-CIS-055,1,PROV-003,GlobalTech Imports,Warehouse A,D1,61,4,57,1,22,38,63,2,0.43,189.99,11589.39,1,09/20/2025,10/26/2025,BATCH-202510-5843,11/02/2025 01:04,,True,765ba688-863c-4eaf-bce6-ce64767261d2
1a0a2aaf-2610-48ec-8923-f6739622d1ab,10/20/2025 00:00,PROD-016,Cargador Multipuerto Anker,CAR-ANK-060,0,PROV-004,CompuWholesale Ltd,Warehouse C,B1,255,40,215,0,19,34,61,0,,39.99,10197.45,1,08/26/2025,10/13/2025,BATCH-202510-9501,10/20/2025 00:05,,True,320aa693-fc3c-4ff1-a5cb-8ac46498035e
91f0e805-35de-4bf6-a0cd-529c73e5d339,10/21/2025 00:00,PROD-016,Cargador Multipuerto Anker,CAR-ANK-060,0,PROV-004,CompuWholesale Ltd,Warehouse C,B1,255,40,215,0,12,23,31,0,0.0,39.99,10197.45,1,08/26/2025,10/07/2025,BATCH-202510-9501,10/21/2025 01:49,,True,3d80d4e8-e4c7-4ee1-a463-e5835549a8ea
1efdcad5-8c11-4da3-be58-66f744a2d959,10/22/2025 00:00,PROD-016,Cargador Multipuerto Anker,CAR-ANK-060,0,PROV-004,CompuWholesale Ltd,Warehouse C,B1,254,44,210,1,9,19,27,0,0.5,39.99,10157.46,1,08/26/2025,09/22/2025,BATCH-202510-9501,10/22/2025 00:36,,True,765ba688-863c-4eaf-bce6-ce64767261d2
8ad46845-3152-4080-878b-d7e7d2ca7e4a,10/23/2025 00:00,PROD-016,Cargador Multipuerto Anker,CAR-ANK-060,0,PROV-004,CompuWholesale Ltd,Warehouse C,B1,253,51,202,1,8,28,51,0,0.67,39.99,10117.47,1,08/26/2025,09/23/2025,BATCH-202510-9501,10/23/2025 00:12,,True,320aa693-fc3c-4ff1-a5cb-8ac46498035e
6b86b194-77f3-4915-89aa-df388b4ecbb0,10/24/2025 00:00,PROD-016,Cargador Multipuerto Anker,CAR-ANK-060,0,PROV-004,CompuWholesale Ltd,Warehouse C,B1,251,16,235,2,6,25,61,0,1.0,39.99,10037.49,1,08/26/2025,09/24/2025,BATCH-202510-9501,10/24/2025 00:20,,True,765ba688-863c-4eaf-bce6-ce64767261d2
128c2ec7-a4d8-421e-8746-e7291cb8f838,10/25/2025 00:00,PROD-016,Cargador Multipuerto Anker,CAR-ANK-060,0,PROV-004,CompuWholesale Ltd,Warehouse C,B1,246,47,199,5,14,34,69,0,1.8,39.99,9837.54,1,08/26/2025,09/25/2025,BATCH-202510-9501,10/25/2025 00:44,,True,5cb9a522-2424-4db0-bed8-9bbb6b3610eb
486c643a-f40f-4485-bac4-d06c8b991432,10/26/2025 00:00,PROD-016,Cargador Multipuerto Anker,CAR-ANK-060,0,PROV-004,CompuWholesale Ltd,Warehouse C,B1,237,65,172,9,17,31,54,0,3.0,39.99,9477.63,1,08/26/2025,10/19/2025,BATCH-202510-9501,10/26/2025 00:11,,True,5cb9a522-2424-4db0-bed8-9bbb6b3610eb
b9d37c82-4ebf-4b65-a20b-b1bfcf40338a,10/27/2025 00:00,PROD-016,Cargador Multipuerto Anker,CAR-ANK-060,0,PROV-004,CompuWholesale Ltd,Warehouse C,B1,236,71,165,1,24,44,83,0,2.71,39.99,9437.64,1,08/26/2025,09/27/2025,BATCH-202510-9501,10/27/2025 00:34,,True,d4eb7f1a-bd82-4e47-a8c8-d25decce49bf
bbd5d513-3aaf-4a3f-8cb5-142e31e39c60,10/28/2025 00:00,PROD-016,Cargador Multipuerto Anker,CAR-ANK-060,0,PROV-004,CompuWholesale Ltd,Warehouse C,B1,236,13,223,0,18,23,28,0,2.71,39.99,9437.64,1,08/26/2025,10/14/2025,BATCH-202510-9501,10/28/2025 01:20,,True,3d80d4e8-e4c7-4ee1-a463-e5835549a8ea
522c72fb-c75f-426b-9562-98c9e0ab9d80,10/29/2025 00:00,PROD-016,Cargador Multipuerto Anker,CAR-ANK-060,0,PROV-004,CompuWholesale Ltd,Warehouse C,B1,234,40,194,2,12,19,30,0,2.86,39.99,9357.66,1,08/26/2025,09/29/2025,BATCH-202510-9501,10/29/2025 01:10,,True,5cb9a522-2424-4db0-bed8-9bbb6b3610eb
0423f0de-4646-4004-82fd-322aa2179e91,10/30/2025 00:00,PROD-016,Cargador Multipuerto Anker,CAR-ANK-060,0,PROV-004,CompuWholesale Ltd,Warehouse C,B1,234,30,204,0,10,27,59,0,2.71,39.99,9357.66,1,08/26/2025,10/16/2025,BATCH-202510-9501,10/30/2025 00:32,,True,3d80d4e8-e4c7-4ee1-a463-e5835549a8ea
c50fafe6-9a07-45dc-b327-a8f934cf68cb,10/31/2025 00:00,PROD-016,Cargador Multipuerto Anker,CAR-ANK-060,0,PROV-004,CompuWholesale Ltd,Warehouse C,B1,234,59,175,0,15,34,47,0,2.43,39.99,9357.66,1,08/26/2025,10/17/2025,BATCH-202510-9501,10/31/2025 00:59,,True,765ba688-863c-4eaf-bce6-ce64767261d2
37399924-9c9d-4038-ac39-c8feea46c98e,11/01/2025 00:00,PROD-016,Cargador Multipuerto Anker,CAR-ANK-060,0,PROV-004,CompuWholesale Ltd,Warehouse C,B1,233,15,218,1,23,35,56,0,1.86,39.99,9317.67,1,08/26/2025,10/18/2025,BATCH-202510-9501,11/01/2025 00:54,,True,320aa693-fc3c-4ff1-a5cb-8ac46498035e
4bb42863-2a9f-41b6-b0a5-1054edfbf903,11/02/2025 00:00,PROD-016,Cargador Multipuerto Anker,CAR-ANK-060,0,PROV-004,CompuWholesale Ltd,Warehouse C,B1,230,34,196,3,28,39,67,0,1.0,39.99,9197.7,1,08/26/2025,10/03/2025,BATCH-202510-9501,11/02/2025 00:19,,True,5cb9a522-2424-4db0-bed8-9bbb6b3610eb
89bf98b8-984d-4fcb-ae4d-2f6af99ee4df,10/20/2025 00:00,PROD-017,Cable HDMI 4K Premium 2m,CAB-HDM-065,0,PROV-001,TechDistributor SA,Warehouse B,C1,160,46,114,0,15,24,46,0,,19.99,3198.4,1,09/15/2025,10/13/2025,BATCH-202510-6990,10/20/2025 00:05,,True,765ba688-863c-4eaf-bce6-ce64767261d2
c5c5f82a-28e0-42d6-abe7-2d47e0bbd284,10/21/2025 00:00,PROD-017,Cable HDMI 4K Premium 2m,CAB-HDM-065,0,PROV-001,TechDistributor SA,Warehouse B,C1,160,39,121,0,18,29,69,0,0.0,19.99,3198.4,1,09/15/2025,10/14/2025,BATCH-202510-6990,10/21/2025 00:26,,True,5cb9a522-2424-4db0-bed8-9bbb6b3610eb
de527e01-654c-4b87-9b38-bd49a29fa446,10/22/2025 00:00,PROD-017,Cable HDMI 4K Premium 2m,CAB-HDM-065,0,PROV-001,TechDistributor SA,Warehouse B,C1,154,49,105,6,9,24,48,0,3.0,19.99,3078.46,1,09/15/2025,10/15/2025,BATCH-202510-6990,10/22/2025 00:06,,True,5cb9a522-2424-4db0-bed8-9bbb6b3610eb
2e81b0a6-1c26-430a-a171-d331607d17fb,10/23/2025 00:00,PROD-017,Cable HDMI 4K Premium 2m,CAB-HDM-065,0,PROV-001,TechDistributor SA,Warehouse B,C1,152,24,128,2,18,38,57,0,2.67,19.99,3038.48,1,09/15/2025,10/09/2025,BATCH-202510-6990,10/23/2025 01:07,,True,320aa693-fc3c-4ff1-a5cb-8ac46498035e
8eab86e2-f748-471c-8e80-01985af9ed9e,10/24/2025 00:00,PROD-017,Cable HDMI 4K Premium 2m,CAB-HDM-065,0,PROV-001,TechDistributor SA,Warehouse B,C1,151,9,142,1,27,44,68,0,2.25,19.99,3018.49,1,09/15/2025,09/24/2025,BATCH-202510-6990,10/24/2025 00:18,,True,320aa693-fc3c-4ff1-a5cb-8ac46498035e
99a74365-51a5-4788-a459-f430dd74f59f,10/25/2025 00:00,PROD-017,Cable HDMI 4K Premium 2m,CAB-HDM-065,0,PROV-001,TechDistributor SA,Warehouse B,C1,148,43,105,3,11,26,49,0,2.4,19.99,2958.52,1,09/15/2025,10/18/2025,BATCH-202510-6990,10/25/2025 00:51,,True,3d80d4e8-e4c7-4ee1-a463-e5835549a8ea
f342ea52-d448-46c7-bc89-66594ea59f9d,10/26/2025 00:00,PROD-017,Cable HDMI 4K Premium 2m,CAB-HDM-065,0,PROV-001,TechDistributor SA,Warehouse B,C1,143,15,128,5,18,28,46,0,2.83,19.99,2858.57,1,09/15/2025,10/12/2025,BATCH-202510-6990,10/26/2025 01:16,,True,d4eb7f1a-bd82-4e47-a8c8-d25decce49bf
40f9802a-9a4d-41e7-88d3-b67dfc4a13b8,10/27/2025 00:00,PROD-017,Cable HDMI 4K Premium 2m,CAB-HDM-065,0,PROV-001,TechDistributor SA,Warehouse B,C1,139,2,137,4,21,40,76,0,3.0,19.99,2778.61,1,09/15/2025,09/27/2025,BATCH-202510-6990,10/27/2025 01:03,,True,3d80d4e8-e4c7-4ee1-a463-e5835549a8ea
ada66d2b-3dcd-49fe-a96b-29c969fd3143,10/28/2025 00:00,PROD-017,Cable HDMI 4K Premium 2m,CAB-HDM-065,0,PROV-001,TechDistributor SA,Warehouse B,C1,134,36,98,5,29,44,69,0,3.71,19.99,2678.66,1,09/15/2025,10/21/2025,BATCH-202510-6990,10/28/2025 00:48,,True,765ba688-863c-4eaf-bce6-ce64767261d2
57f4a6e2-effc-4bc2-9b4b-1cc47b310ed7,10/29/2025 00:00,PROD-017,Cable HDMI 4K Premium 2m,CAB-HDM-065,0,PROV-001,TechDistributor SA,Warehouse B,C1,132,44,88,2,24,40,75,0,3.14,19.99,2638.68,1,09/15/2025,10/15/2025,BATCH-202510-6990,10/29/2025 01:15,,True,3d80d4e8-e4c7-4ee1-a463-e5835549a8ea
81a0b473-ebf0-48c8-802f-98c96fcfd03d,10/30/2025 00:00,PROD-017,Cable HDMI 4K Premium 2m,CAB-HDM-065,0,PROV-001,TechDistributor SA,Warehouse B,C1,132,7,125,0,20,33,60,0,2.86,19.99,2638.68,1,09/15/2025,09/30/2025,BATCH-202510-6990,10/30/2025 01:21,,True,765ba688-863c-4eaf-bce6-ce64767261d2
ed9f455a-4a63-4f20-8d70-c18ec76e8cc3,10/31/2025 00:00,PROD-017,Cable HDMI 4K Premium 2m,CAB-HDM-065,0,PROV-001,TechDistributor SA,Warehouse B,C1,132,12,120,0,28,48,88,0,2.71,19.99,2638.68,1,09/15/2025,10/01/2025,BATCH-202510-6990,10/31/2025 01:41,,True,3d80d4e8-e4c7-4ee1-a463-e5835549a8ea
205fff2a-fd1e-473f-b056-337ade29fa92,11/01/2025 00:00,PROD-017,Cable HDMI 4K Premium 2m,CAB-HDM-065,0,PROV-001,TechDistributor SA,Warehouse B,C1,122,1,121,10,28,39,61,0,3.71,19.99,2438.78,1,09/15/2025,10/25/2025,BATCH-202510-6990,11/01/2025 01:33,,True,320aa693-fc3c-4ff1-a5cb-8ac46498035e
7439c645-ccba-458a-a814-9a61ef238b56,11/02/2025 00:00,PROD-017,Cable HDMI 4K Premium 2m,CAB-HDM-065,0,PROV-001,TechDistributor SA,Warehouse B,C1,119,28,91,3,6,18,41,0,3.43,19.99,2378.81,1,09/15/2025,10/03/2025,BATCH-202510-6990,11/02/2025 01:21,,True,3d80d4e8-e4c7-4ee1-a463-e5835549a8ea
91dfe8b5-07c1-460b-8df7-452bc05bc7f5,10/20/2025 00:00,PROD-018,Soporte para Laptop Ajustable,SOP-LAP-070,2,PROV-002,ElectroSupply Corp,Warehouse C,D2,13,4,9,0,30,44,49,36,,34.99,454.87,3,09/23/2025,10/13/2025,BATCH-202510-3249,10/20/2025 00:05,,True,320aa693-fc3c-4ff1-a5cb-8ac46498035e
038672d2-e629-4642-a29f-b12dc7380342,10/21/2025 00:00,PROD-018,Soporte para Laptop Ajustable,SOP-LAP-070,2,PROV-002,ElectroSupply Corp,Warehouse C,D2,13,4,9,0,8,19,40,27,0.0,34.99,454.87,4,09/23/2025,10/14/2025,BATCH-202510-3249,10/21/2025 01:19,,True,3d80d4e8-e4c7-4ee1-a463-e5835549a8ea
b29fcae5-5071-4d22-8a20-97dc9ad47012,10/22/2025 00:00,PROD-018,Soporte para Laptop Ajustable,SOP-LAP-070,2,PROV-002,ElectroSupply Corp,Warehouse C,D2,13,0,13,0,15,25,54,41,0.0,34.99,454.87,3,09/23/2025,10/15/2025,BATCH-202510-3249,10/22/2025 01:26,,True,d4eb7f1a-bd82-4e47-a8c8-d25decce49bf
9c267b66-bcde-474d-b901-64d13b74280d,10/23/2025 00:00,PROD-018,Soporte para Laptop Ajustable,SOP-LAP-070,2,PROV-002,ElectroSupply Corp,Warehouse C,D2,13,2,11,0,10,27,47,34,0.0,34.99,454.87,4,09/23/2025,10/16/2025,BATCH-202510-3249,10/23/2025 00:07,,True,320aa693-fc3c-4ff1-a5cb-8ac46498035e
fa47d228-4c0c-41e7-a6b7-77e4439561cd,10/24/2025 00:00,PROD-018,Soporte para Laptop Ajustable,SOP-LAP-070,2,PROV-002,ElectroSupply Corp,Warehouse C,D2,13,2,11,0,28,46,79,66,0.0,34.99,454.87,3,09/23/2025,10/10/2025,BATCH-202510-3249,10/24/2025 00:13,,True,5cb9a522-2424-4db0-bed8-9bbb6b3610eb
c7260a34-310e-451e-a09d-9f35f6dcb85b,10/25/2025 00:00,PROD-018,Soporte para Laptop Ajustable,SOP-LAP-070,2,PROV-002,ElectroSupply Corp,Warehouse C,D2,13,3,10,0,19,34,56,43,0.0,34.99,454.87,3,09/23/2025,09/25/2025,BATCH-202510-3249,10/25/2025 01:59,,True,3d80d4e8-e4c7-4ee1-a463-e5835549a8ea
4e30f1af-7d69-4c03-8326-71d0014104a7,10/26/2025 00:00,PROD-018,Soporte para Laptop Ajustable,SOP-LAP-070,2,PROV-002,ElectroSupply Corp,Warehouse C,D2,13,4,9,0,25,32,58,45,0.0,34.99,454.87,3,09/23/2025,10/12/2025,BATCH-202510-3249,10/26/2025 01:02,,True,765ba688-863c-4eaf-bce6-ce64767261d2
e3128e0a-1cc3-4b45-9ba1-326b679d12a9,10/27/2025 00:00,PROD-018,Soporte para Laptop Ajustable,SOP-LAP-070,2,PROV-002,ElectroSupply Corp,Warehouse C,D2,13,4,9,0,13,30,54,41,0.0,34.99,454.87,4,09/23/2025,10/13/2025,BATCH-202510-3249,10/27/2025 00:42,,True,3d80d4e8-e4c7-4ee1-a463-e5835549a8ea
c66cc70a-e53a-4b62-9ad7-fb46429892e0,10/28/2025 00:00,PROD-018,Soporte para Laptop Ajustable,SOP-LAP-070,2,PROV-002,ElectroSupply Corp,Warehouse C,D2,13,3,10,0,27,35,40,27,0.0,34.99,454.87,3,09/23/2025,10/21/2025,BATCH-202510-3249,10/28/2025 01:24,,True,3d80d4e8-e4c7-4ee1-a463-e5835549a8ea
afb4a2e0-76e9-4fbc-9243-27857c7b43ef,10/29/2025 00:00,PROD-018,Soporte para Laptop Ajustable,SOP-LAP-070,2,PROV-002,ElectroSupply Corp,Warehouse C,D2,13,1,12,0,10,20,41,28,0.0,34.99,454.87,4,09/23/2025,09/29/2025,BATCH-202510-3249,10/29/2025 01:49,,True,5cb9a522-2424-4db0-bed8-9bbb6b3610eb
2e5ac3b2-590a-4b31-9d9a-e61da0dac352,10/30/2025 00:00,PROD-018,Soporte para Laptop Ajustable,SOP-LAP-070,2,PROV-002,ElectroSupply Corp,Warehouse C,D2,13,4,9,0,5,14,42,29,0.0,34.99,454.87,4,09/23/2025,10/23/2025,BATCH-202510-3249,10/30/2025 00:54,,True,d4eb7f1a-bd82-4e47-a8c8-d25decce49bf
291a1aaf-b1dd-44a4-a002-5f83a7f0fa01,10/31/2025 00:00,PROD-018,Soporte para Laptop Ajustable,SOP-LAP-070,2,PROV-002,ElectroSupply Corp,Warehouse C,D2,13,3,10,0,28,48,68,55,0.0,34.99,454.87,3,09/23/2025,10/24/2025,BATCH-202510-3249,10/31/2025 01:48,,True,d4eb7f1a-bd82-4e47-a8c8-d25decce49bf
5a783afa-7a04-41db-b906-9f6c51b5fe2f,11/01/2025 00:00,PROD-018,Soporte para Laptop Ajustable,SOP-LAP-070,2,PROV-002,ElectroSupply Corp,Warehouse C,D2,13,2,11,0,15,30,38,25,0.0,34.99,454.87,3,09/23/2025,10/02/2025,BATCH-202510-3249,11/01/2025 01:52,,True,d4eb7f1a-bd82-4e47-a8c8-d25decce49bf
28200b5f-3c5f-4aa4-ad11-e69e56fe8fe9,11/02/2025 00:00,PROD-018,Soporte para Laptop Ajustable,SOP-LAP-070,2,PROV-002,ElectroSupply Corp,Warehouse C,D2,13,1,12,0,30,42,54,41,0.0,34.99,454.87,3,09/23/2025,10/26/2025,BATCH-202510-3249,11/02/2025 00:39,,True,320aa693-fc3c-4ff1-a5cb-8ac46498035e
222c819d-2c0d-4eb6-a97d-8d8d08ac56d8,10/20/2025 00:00,PROD-019,Mochila para Laptop Targus,MOC-TAR-075,2,PROV-003,GlobalTech Imports,Warehouse A,D2,19,3,16,0,19,28,45,26,,59.99,1139.81,4,09/05/2025,10/13/2025,BATCH-202510-4578,10/20/2025 00:05,,True,320aa693-fc3c-4ff1-a5cb-8ac46498035e
103169ba-9f8e-4f5b-ba13-bf9b1705e57d,10/21/2025 00:00,PROD-019,Mochila para Laptop Targus,MOC-TAR-075,2,PROV-003,GlobalTech Imports,Warehouse A,D2,19,0,19,0,17,29,41,22,0.0,59.99,1139.81,4,09/05/2025,10/14/2025,BATCH-202510-4578,10/21/2025 01:28,,True,320aa693-fc3c-4ff1-a5cb-8ac46498035e
10573aa6-1f5d-44f3-913e-48ed98232610,10/22/2025 00:00,PROD-019,Mochila para Laptop Targus,MOC-TAR-075,2,PROV-003,GlobalTech Imports,Warehouse A,D2,19,2,17,0,17,22,29,10,0.0,59.99,1139.81,4,09/05/2025,10/15/2025,BATCH-202510-4578,10/22/2025 01:08,,True,d4eb7f1a-bd82-4e47-a8c8-d25decce49bf
a5765558-9e48-4fee-8c9b-9aeda971e369,10/23/2025 00:00,PROD-019,Mochila para Laptop Targus,MOC-TAR-075,2,PROV-003,GlobalTech Imports,Warehouse A,D2,19,3,16,0,7,12,43,24,0.0,59.99,1139.81,1,09/05/2025,10/16/2025,BATCH-202510-4578,10/23/2025 01:58,,True,5cb9a522-2424-4db0-bed8-9bbb6b3610eb
c074202e-779c-42c1-8dba-cef9572066a6,10/24/2025 00:00,PROD-019,Mochila para Laptop Targus,MOC-TAR-075,2,PROV-003,GlobalTech Imports,Warehouse A,D2,19,1,18,0,26,40,46,27,0.0,59.99,1139.81,3,09/05/2025,09/24/2025,BATCH-202510-4578,10/24/2025 01:56,,True,d4eb7f1a-bd82-4e47-a8c8-d25decce49bf
17546e47-fcfe-4f92-bbe4-3c4f50c38672,10/25/2025 00:00,PROD-019,Mochila para Laptop Targus,MOC-TAR-075,2,PROV-003,GlobalTech Imports,Warehouse A,D2,19,6,13,0,26,45,65,46,0.0,59.99,1139.81,3,09/05/2025,10/18/2025,BATCH-202510-4578,10/25/2025 00:22,,True,765ba688-863c-4eaf-bce6-ce64767261d2
3b14ecf2-4218-4449-a98c-08187e397849,10/26/2025 00:00,PROD-019,Mochila para Laptop Targus,MOC-TAR-075,2,PROV-003,GlobalTech Imports,Warehouse A,D2,19,1,18,0,22,40,58,39,0.0,59.99,1139.81,3,09/05/2025,10/19/2025,BATCH-202510-4578,10/26/2025 01:28,,True,d4eb7f1a-bd82-4e47-a8c8-d25decce49bf
0c8c7c75-19eb-49e4-8b41-22e1ba1e8a9f,10/27/2025 00:00,PROD-019,Mochila para Laptop Targus,MOC-TAR-075,2,PROV-003,GlobalTech Imports,Warehouse A,D2,19,6,13,0,9,26,35,16,0.0,59.99,1139.81,4,09/05/2025,10/20/2025,BATCH-202510-4578,10/27/2025 01:56,,True,5cb9a522-2424-4db0-bed8-9bbb6b3610eb
4d7b5d3e-a8ae-4796-bf2f-3648281d2223,10/28/2025 00:00,PROD-019,Mochila para Laptop Targus,MOC-TAR-075,2,PROV-003,GlobalTech Imports,Warehouse A,D2,19,5,14,0,25,37,48,29,0.0,59.99,1139.81,3,09/05/2025,10/14/2025,BATCH-202510-4578,10/28/2025 00:17,,True,3d80d4e8-e4c7-4ee1-a463-e5835549a8ea
6ca1d855-365a-474a-b53f-12cc27f680c9,10/29/2025 00:00,PROD-019,Mochila para Laptop Targus,MOC-TAR-075,2,PROV-003,GlobalTech Imports,Warehouse A,D2,19,5,14,0,16,28,35,16,0.0,59.99,1139.81,4,09/05/2025,10/22/2025,BATCH-202510-4578,10/29/2025 01:12,,True,d4eb7f1a-bd82-4e47-a8c8-d25decce49bf
f16fd102-6787-4201-8adf-6bf23083d32f,10/30/2025 00:00,PROD-019,Mochila para Laptop Targus,MOC-TAR-075,2,PROV-003,GlobalTech Imports,Warehouse A,D2,19,5,14,0,8,27,60,41,0.0,59.99,1139.81,4,09/05/2025,09/30/2025,BATCH-202510-4578,10/30/2025 00:03,,True,5cb9a522-2424-4db0-bed8-9bbb6b3610eb
ba07cc71-393d-4015-8d07-b734c5271321,10/31/2025 00:00,PROD-019,Mochila para Laptop Targus,MOC-TAR-075,2,PROV-003,GlobalTech Imports,Warehouse A,D2,19,3,16,0,10,26,34,15,0.0,59.99,1139.81,4,09/05/2025,10/01/2025,BATCH-202510-4578,10/31/2025 00:28,,True,3d80d4e8-e4c7-4ee1-a463-e5835549a8ea
b6ae1216-6222-4029-b290-8f87551c00b3,11/01/2025 00:00,PROD-019,Mochila para Laptop Targus,MOC-TAR-075,2,PROV-003,GlobalTech Imports,Warehouse A,D2,16,2,14,3,22,31,51,35,0.43,59.99,959.84,3,09/05/2025,10/18/2025,BATCH-202510-4578,11/01/2025 01:30,,True,5cb9a522-2424-4db0-bed8-9bbb6b3610eb
ba10ce2a-a3c7-4586-aaeb-23ad3d5ee726,11/02/2025 00:00,PROD-019,Mochila para Laptop Targus,MOC-TAR-075,2,PROV-003,GlobalTech Imports,Warehouse A,D2,16,3,13,0,17,30,37,21,0.43,59.99,959.84,3,09/05/2025,10/26/2025,BATCH-202510-4578,11/02/2025 02:00,,True,5cb9a522-2424-4db0-bed8-9bbb6b3610eb
75da2418-fb11-48e9-ac91-42d5750a7ecf,10/20/2025 00:00,PROD-020,Protector de Pantalla Universal,PRO-PAN-080,0,PROV-004,CompuWholesale Ltd,Warehouse C,C2,221,71,150,0,20,36,55,0,,12.99,2870.79,1,08/29/2025,10/13/2025,BATCH-202510-5508,10/20/2025 00:05,,True,5cb9a522-2424-4db0-bed8-9bbb6b3610eb
0b460118-be78-4378-954d-8cbe6ec6ddaa,10/21/2025 00:00,PROD-020,Protector de Pantalla Universal,PRO-PAN-080,0,PROV-004,CompuWholesale Ltd,Warehouse C,C2,217,27,190,4,12,26,40,0,4.0,12.99,2818.83,1,08/29/2025,10/14/2025,BATCH-202510-5508,10/21/2025 01:12,,True,3d80d4e8-e4c7-4ee1-a463-e5835549a8ea
4777db09-0415-4caf-8a82-dabe71195016,10/22/2025 00:00,PROD-020,Protector de Pantalla Universal,PRO-PAN-080,0,PROV-004,CompuWholesale Ltd,Warehouse C,C2,217,61,156,0,27,40,46,0,2.0,12.99,2818.83,1,08/29/2025,10/15/2025,BATCH-202510-5508,10/22/2025 01:21,,True,3d80d4e8-e4c7-4ee1-a463-e5835549a8ea
9fef393c-5993-4d0f-b283-4d1853957347,10/23/2025 00:00,PROD-020,Protector de Pantalla Universal,PRO-PAN-080,0,PROV-004,CompuWholesale Ltd,Warehouse C,C2,211,26,185,6,24,40,61,0,3.33,12.99,2740.89,1,08/29/2025,10/16/2025,BATCH-202510-5508,10/23/2025 00:45,,True,320aa693-fc3c-4ff1-a5cb-8ac46498035e
37dc5969-e82a-4112-9e33-efd083bc2fcf,10/24/2025 00:00,PROD-020,Protector de Pantalla Universal,PRO-PAN-080,0,PROV-004,CompuWholesale Ltd,Warehouse C,C2,206,42,164,5,27,47,87,0,3.75,12.99,2675.94,1,08/29/2025,09/24/2025,BATCH-202510-5508,10/24/2025 00:41,,True,320aa693-fc3c-4ff1-a5cb-8ac46498035e
a2b0e5a3-b336-4bbc-89ac-4d739fd08f2b,10/25/2025 00:00,PROD-020,Protector de Pantalla Universal,PRO-PAN-080,0,PROV-004,CompuWholesale Ltd,Warehouse C,C2,197,38,159,9,11,30,61,0,4.8,12.99,2559.03,1,08/29/2025,10/11/2025,BATCH-202510-5508,10/25/2025 00:49,,True,320aa693-fc3c-4ff1-a5cb-8ac46498035e
cb939cbe-0206-4a03-a7d5-09d497c35bbb,10/26/2025 00:00,PROD-020,Protector de Pantalla Universal,PRO-PAN-080,0,PROV-004,CompuWholesale Ltd,Warehouse C,C2,194,1,193,3,17,25,48,0,4.5,12.99,2520.06,1,08/29/2025,10/19/2025,BATCH-202510-5508,10/26/2025 01:49,,True,d4eb7f1a-bd82-4e47-a8c8-d25decce49bf
95912cca-022e-474f-a60c-2c33a852b8d2,10/27/2025 00:00,PROD-020,Protector de Pantalla Universal,PRO-PAN-080,0,PROV-004,CompuWholesale Ltd,Warehouse C,C2,194,27,167,0,12,32,46,0,3.86,12.99,2520.06,1,08/29/2025,10/20/2025,BATCH-202510-5508,10/27/2025 01:44,,True,3d80d4e8-e4c7-4ee1-a463-e5835549a8ea
76560928-08dd-44d5-90a7-978003b75293,10/28/2025 00:00,PROD-020,Protector de Pantalla Universal,PRO-PAN-080,0,PROV-004,CompuWholesale Ltd,Warehouse C,C2,192,24,168,2,22,37,54,0,3.57,12.99,2494.08,1,08/29/2025,10/14/2025,BATCH-202510-5508,10/28/2025 00:54,,True,d4eb7f1a-bd82-4e47-a8c8-d25decce49bf
3a40c5b7-f625-46c0-83d4-b5396dba4451,10/29/2025 00:00,PROD-020,Protector de Pantalla Universal,PRO-PAN-080,0,PROV-004,CompuWholesale Ltd,Warehouse C,C2,187,61,126,5,15,26,52,0,4.29,12.99,2429.13,1,08/29/2025,10/22/2025,BATCH-202510-5508,10/29/2025 00:33,,True,d4eb7f1a-bd82-4e47-a8c8-d25decce49bf
5e8166e9-52bb-4a8f-a09e-ac7304c8a6d7,10/30/2025 00:00,PROD-020,Protector de Pantalla Universal,PRO-PAN-080,0,PROV-004,CompuWholesale Ltd,Warehouse C,C2,186,47,139,1,29,45,64,0,3.57,12.99,2416.14,1,08/29/2025,10/16/2025,BATCH-202510-5508,10/30/2025 01:49,,True,5cb9a522-2424-4db0-bed8-9bbb6b3610eb
4d53cc15-3fba-4c1b-bfcb-bb8b9a02f862,10/31/2025 00:00,PROD-020,Protector de Pantalla Universal,PRO-PAN-080,0,PROV-004,CompuWholesale Ltd,Warehouse C,C2,182,7,175,4,14,29,58,0,3.43,12.99,2364.18,1,08/29/2025,10/24/2025,BATCH-202510-5508,10/31/2025 00:07,,True,320aa693-fc3c-4ff1-a5cb-8ac46498035e
07b82a0c-276a-4c99-a1b1-168e036c6256,11/01/2025 00:00,PROD-020,Protector de Pantalla Universal,PRO-PAN-080,0,PROV-004,CompuWholesale Ltd,Warehouse C,C2,181,47,134,1,17,35,55,0,2.29,12.99,2351.19,1,08/29/2025,10/02/2025,BATCH-202510-5508,11/01/2025 00:06,,True,d4eb7f1a-bd82-4e47-a8c8-d25decce49bf
5618585d-51c0-4e15-99bf-bf6f47565064,11/02/2025 00:00,PROD-020,Protector de Pantalla Universal,PRO-PAN-080,0,PROV-004,CompuWholesale Ltd,Warehouse C,C2,176,48,128,5,19,25,61,0,2.57,12.99,2286.24,1,08/29/2025,10/03/2025,BATCH-202510-5508,11/02/2025 01:33,,True,5cb9a522-2424-4db0-bed8-9bbb6b3610eb
